Voti Fantacalcio 38ª giornata di campionato,,,,,,,,,,,,
Solo su www.fantacalcio.it i voti ufficiali per la tua lega,,,,,,,,,,,,
QUESTO FILE NON PUO' ESSERE RIPRODOTTO NE' PUBBLICATO SU ALTRI SITI INTERNET,,,,,,,,,,,,
E' DA CONSIDERARSI AD USO PERSONALE ESCLUSIVO DEGLI ISCRITTI DI FANTACALCIO.IT,,,,,,,,,,,,
Atalanta,,,,,,,,,,,,
Cod.,Ruolo,Nome,Voto,Gf,Gs,Rp,Rs,Rf,Au,Amm,Esp,Ass
4431,P,Carnesecchi,7,0,3,0,0,0,0,0,0,0
697,D,Cuadrado,6,0,0,0,0,0,0,0,0,0
787,D,Djimsiti,5.5,0,0,0,0,0,0,1,0,0
4887,D,Bellanova,6.5,0,0,0,0,0,0,0,0,1
5354,D,Ruggeri,6,0,0,0,0,0,0,0,0,0
5578,D,Kossounou,5.5,0,0,0,0,0,0,0,0,0
6066,D,Posch,5,0,0,0,0,0,0,0,0,0
6832,D,Palestra,6,0,0,0,0,0,0,0,0,0
2077,C,Pasalic,5.5,0,0,0,0,0,0,0,0,0
4896,C,Maldini,7.5,2,0,0,0,0,0,0,0,0
4947,C,Brescianini,5.5,0,0,0,0,0,0,0,0,0
5792,C,Ederson D.s.,5.5,0,0,0,0,0,0,0,0,0
6024,C,Sulemana I.,6,0,0,0,0,0,0,0,0,0
4730,A,Lookman,5.5,0,0,0,0,0,0,0,0,0
5995,A,De Ketelaere,6,0,0,0,0,0,0,0,0,0
6228,A,Retegui,6.5,0,0,0,0,0,0,0,0,1
684,ALL,Gasperini,5.5,0,0,0,0,0,0,0,0,0
Bologna,,,,,,,,,,,,
Cod.,Ruolo,Nome,Voto,Gf,Gs,Rp,Rs,Rf,Au,Amm,Esp,Ass
2722,P,Ravaglia F.,5.5,0,3,0,0,0,0,0,0,0
357,D,Calabria,6,0,0,0,0,0,0,1,0,0
487,D,De Silvestri,6,0,0,0,0,0,0,0,0,0
2653,D,Lykogiannis,5,0,0,0,0,0,0,1,0,0
5498,D,Casale,5,0,0,0,0,0,0,0,0,1
5678,D,Holm,4.5,0,0,0,0,0,0,0,0,0
6042,D,Lucumi',5,0,0,0,0,0,0,1,0,0
788,C,Freuler,5,0,0,0,0,0,0,0,0,0
2167,C,Orsolini,6.5,1,0,0,0,0,0,1,0,0
5298,C,Pobega,6,0,0,0,0,0,0,0,0,0
5564,C,Ndoye,5.5,0,0,0,0,0,0,0,0,0
5784,C,Aebischer,5,0,0,0,0,0,0,1,0,0
5858,C,Ferguson,5,0,0,0,0,0,0,0,0,0
6206,C,Fabbian,6*,0,0,0,0,0,0,0,0,0
4436,A,Cambiaghi,6,0,0,0,0,0,0,0,0,0
6572,A,Castro S.,5,0,0,0,0,0,0,0,0,0
4993,ALL,Italiano,5,0,0,0,0,0,0,0,0,0
Cagliari,,,,,,,,,,,,
Cod.,Ruolo,Nome,Voto,Gf,Gs,Rp,Rs,Rf,Au,Amm,Esp,Ass
4929,P,Ciocci,6*,0,0,0,0,0,0,0,0,0
6650,P,Sherri,6,0,2,0,0,0,0,0,0,0
393,D,Luperto,6,0,0,0,0,0,0,0,0,0
2181,D,Palomino,6,0,0,0,0,0,0,0,0,0
4210,D,Mina,5.5,0,0,0,0,0,0,0,0,0
4421,D,Augello,5,0,0,0,0,0,0,0,0,0
4433,D,Zortea,6,0,0,0,0,0,0,0,0,0
4461,D,Zappa,5,0,0,0,0,0,0,0,0,0
5701,D,Obert,6,0,0,0,0,0,0,0,0,0
440,C,Viola,5.5,0,0,0,0,0,0,0,0,0
1871,C,Deiola,6,0,0,0,0,0,0,0,0,0
4870,C,Adopo,5,0,0,0,0,0,0,0,0,0
4965,C,Marin,6,0,0,0,0,0,0,0,0,0
6232,C,Makoumbou,5,0,0,0,0,0,0,1,0,0
4359,A,Piccoli,6,0,0,0,0,0,0,0,0,0
6598,A,Mutandwa,6,0,0,0,0,0,0,0,0,0
1911,ALL,Nicola,6,0,0,0,0,0,0,0,0,0
Como,,,,,,,,,,,,
Cod.,Ruolo,Nome,Voto,Gf,Gs,Rp,Rs,Rf,Au,Amm,Esp,Ass
387,P,Reina,4.5,0,1,0,0,0,0,0,1,0
6966,P,Butez,6,0,1,0,0,0,0,0,0,0
4994,D,Vojvoda,5.5,0,0,0,0,0,0,0,0,0
6654,D,Iovine,6*,0,0,0,0,0,0,0,0,0
6867,D,Valle,5.5,0,0,0,0,0,0,0,0,0
6896,D,Van Der Brempt,5.5,0,0,0,0,0,0,0,0,0
7014,D,Smolcic I.,5,0,0,0,0,0,0,0,0,0
4486,C,Strefezza,6,0,0,0,0,0,0,1,0,0
4658,C,Ikone',6*,0,0,0,0,0,0,0,0,0
5036,C,Caqueret,5.5,0,0,0,0,0,0,0,0,0
5559,C,Da Cunha,6,0,0,0,0,0,0,0,0,0
6151,C,Perrone,6,0,0,0,0,0,0,0,0,0
6676,C,Engelhardt,6,0,0,0,0,0,0,0,0,0
6875,C,Paz N.,6,0,0,0,0,0,0,0,0,0
2155,A,Cutrone,5.5,0,0,0,0,0,0,0,0,0
7017,A,Douvikas,5.5,0,0,0,0,0,0,0,0,0
2485,ALL,Fabregas,5.5,0,0,0,0,0,0,0,0,0
Empoli,,,,,,,,,,,,
Cod.,Ruolo,Nome,Voto,Gf,Gs,Rp,Rs,Rf,Au,Amm,Esp,Ass
6125,P,Vasquez D.,6,0,2,0,0,0,0,0,0,0
770,D,Pezzella Giu.,5.5,0,0,0,0,0,0,0,0,0
5010,D,Ismajli,5,0,0,0,0,0,0,1,0,0
5718,D,Viti,5.5,0,0,0,0,0,0,0,0,0
5804,D,Cacace,6,0,0,0,0,0,0,0,0,0
5856,D,Sambia,6*,0,0,0,0,0,0,0,0,0
6537,D,Goglichidze,5.5,0,0,0,0,0,0,0,0,0
27,C,Grassi,6,0,0,0,0,0,0,0,0,0
4498,C,Henderson L.,6,0,0,0,0,0,0,0,0,0
4992,C,Gyasi,5,0,0,0,0,0,0,0,0,0
6010,C,Fazzini,7,1,0,0,0,0,0,0,0,0
6889,C,Anjorin,5.5,0,0,0,0,0,0,0,0,0
4463,A,Esposito Se.,6,0,0,0,0,0,0,0,0,0
4923,A,Colombo,5.5,0,0,0,0,0,0,0,0,0
6119,A,Solbakken,5.5,0,0,0,0,0,0,1,0,0
6935,A,Konate Is.,6*,0,0,0,0,0,0,0,0,0
2824,ALL,D'Aversa,5.5,0,0,0,0,0,0,1,0,0
Fiorentina,,,,,,,,,,,,
Cod.,Ruolo,Nome,Voto,Gf,Gs,Rp,Rs,Rf,Au,Amm,Esp,Ass
2521,P,De Gea,6,0,2,0,0,0,0,0,0,0
2160,D,Gosens,6.5,0,0,0,0,0,0,0,0,1
4378,D,Ranieri L.,6,0,0,0,0,0,0,0,0,0
4904,D,Mari',6,0,0,0,0,0,0,0,0,0
5603,D,Pongracic,6*,0,0,0,0,0,0,0,0,0
5885,D,Dodo',6,0,0,0,0,0,0,0,0,0
6495,D,Comuzzo,7,1,0,0,0,0,0,0,0,0
1933,C,Mandragora,6.5,0,0,0,0,0,0,0,0,0
4465,C,Fagioli,7,1,0,0,0,0,0,0,0,0
6294,C,Ndour,6*,0,0,0,0,0,0,0,0,0
6804,C,Richardson,6,0,0,0,0,0,0,0,0,1
2097,A,Kean,6.5,1,0,0,0,0,0,0,0,0
5800,A,Gudmundsson A.,6,0,0,0,0,0,0,0,0,0
6409,A,Beltran L.,5.5,0,0,0,0,0,0,1,0,0
1909,ALL,Palladino,7,0,0,0,0,0,0,0,0,0
Genoa,,,,,,,,,,,,
Cod.,Ruolo,Nome,Voto,Gf,Gs,Rp,Rs,Rf,Au,Amm,Esp,Ass
219,P,Sommariva,7,0,1,0,0,0,0,0,0,0
6991,P,Siegrist,6,0,0,0,0,0,0,0,0,0
791,D,Sabelli,6,0,0,0,0,0,0,0,0,0
2285,D,Bani,6.5,0,0,0,0,0,0,0,0,0
2593,D,Martin,6,0,0,0,0,0,0,0,0,1
5739,D,De Winter,6,0,0,0,0,0,0,0,0,0
6814,D,Norton-Cuffy,6,0,0,0,0,0,0,0,0,0
6977,D,Otoa,6,0,0,0,0,0,0,1,0,0
4677,C,Cornet,6*,0,0,0,0,0,0,0,0,0
4970,C,Messias,6.5,0,0,0,0,0,0,0,0,0
6538,C,Onana J.,6.5,0,0,0,0,0,0,1,0,0
6917,C,Masini,6.5,0,0,0,0,0,0,0,0,0
6980,C,Venturino,8,2,0,0,0,0,0,0,0,0
5506,A,Ekuban,6,0,0,0,0,0,0,0,0,0
6164,A,Vitinha O.,7.5,1,0,0,0,0,0,0,0,1
6822,A,Ekhator,6,0,0,0,0,0,0,0,0,0
6943,ALL,Vieira P.,7,0,0,0,0,0,0,0,0,0
Inter,,,,,,,,,,,,
Cod.,Ruolo,Nome,Voto,Gf,Gs,Rp,Rs,Rf,Au,Amm,Esp,Ass
2428,P,Sommer,6,0,0,0,0,0,0,0,0,0
254,D,Dimarco,6.5,0,0,0,0,0,0,0,0,0
322,D,De Vrij,7,1,0,0,0,0,0,1,0,0
513,D,Acerbi,6,0,0,0,0,0,0,0,0,0
2525,D,Darmian,6,0,0,0,0,0,0,0,0,0
5513,D,Dumfries,6,0,0,0,0,0,0,0,0,0
5877,D,Carlos Augusto,6.5,0,0,0,0,0,0,0,0,0
6217,D,Bisseck,6,0,0,0,0,0,0,0,0,0
1870,C,Barella,6,0,0,0,0,0,0,0,0,0
2194,C,Calhanoglu,6.5,0,0,0,0,0,0,1,0,1
5422,C,Zalewski,7,0,0,0,0,0,0,0,0,0
5719,C,Asllani,6,0,0,0,0,0,0,0,0,0
7062,C,Topalovic,6*,0,0,0,0,0,0,0,0,0
495,A,Correa,7,1,0,0,0,0,0,0,0,0
4268,A,Arnautovic,6,0,0,0,0,0,0,0,0,0
6628,A,Taremi,6.5,0,0,0,0,0,0,0,0,1
826,ALL,Inzaghi S.,6,0,0,0,0,0,0,0,0,0
Juventus,,,,,,,,,,,,
Cod.,Ruolo,Nome,Voto,Gf,Gs,Rp,Rs,Rf,Au,Amm,Esp,Ass
5876,P,Di Gregorio,6.5,0,2,0,0,0,0,0,0,0
5520,D,Cambiaso,6,0,0,0,0,0,0,0,0,1
5831,D,Gatti,6*,0,0,0,0,0,0,0,0,0
6766,D,Kelly L.,5.5,0,0,0,0,0,0,0,0,0
6802,D,Savona,5,0,0,0,0,0,0,0,0,0
6975,D,Alberto Costa,6,0,0,0,0,0,0,1,0,0
827,C,Locatelli,7.5,0,0,0,0,1,0,0,0,0
4662,C,Weah,6*,0,0,0,0,0,0,0,0,0
4973,C,McKennie,6,0,0,0,0,0,0,0,0,0
5562,C,Thuram K.,5.5,0,0,0,0,0,0,0,0,0
6761,C,Veiga R.,5.5,0,0,0,0,0,0,0,0,0
6884,C,Conceicao,6.5,0,0,0,0,0,0,0,0,0
2841,A,Vlahovic,5.5,0,0,0,0,0,0,0,0,0
4179,A,Gonzalez N.,5.5,0,0,0,0,0,0,1,0,0
5951,A,Kolo Muani,7,1,0,0,0,0,0,0,0,0
6434,A,Yildiz,7.5,1,0,0,0,0,0,0,0,0
2729,ALL,Tudor,7,0,0,0,0,0,0,1,0,0
Lazio,,,,,,,,,,,,
Cod.,Ruolo,Nome,Voto,Gf,Gs,Rp,Rs,Rf,Au,Amm,Esp,Ass
6482,P,Mandas,6,0,1,0,0,0,0,0,0,0
140,D,Hysaj,5.5,0,0,0,0,0,0,0,0,0
460,D,Romagnoli,5,0,0,0,0,0,0,0,1,0
2188,D,Marusic,5.5,0,0,0,0,0,0,0,0,0
2728,D,Pellegrini Lu.,6,0,0,0,0,0,0,0,0,0
5620,D,Tavares N.,6.5,0,0,0,0,0,0,0,0,0
5833,D,Gila,5,0,0,0,0,0,0,1,0,0
181,C,Vecino,6,0,0,0,0,0,0,0,0,0
632,C,Zaccagni,5.5,0,0,0,0,0,0,0,0,0
4186,C,Guendouzi,5.5,0,0,0,0,0,0,1,0,0
4459,C,Rovella,5.5,0,0,0,0,0,0,0,0,0
2489,A,Pedro,6.5,0,0,0,0,0,0,1,0,0
5672,A,Dia,5,0,0,0,0,0,0,0,0,0
6226,A,Castellanos,5,0,0,0,0,0,0,0,0,0
6398,A,Isaksen,6,0,0,0,0,0,0,0,0,0
6556,A,Noslin,5.5,0,0,0,0,0,0,0,0,0
2248,ALL,Baroni,5,0,0,0,0,0,0,0,0,0
Lecce,,,,,,,,,,,,
Cod.,Ruolo,Nome,Voto,Gf,Gs,Rp,Rs,Rf,Au,Amm,Esp,Ass
2134,P,Falcone,7.5,0,0,0,0,0,0,1,0,0
4502,D,Gallo,6.5,0,0,0,0,0,0,0,0,0
5626,D,Guilbert,6,0,0,0,0,0,0,0,0,0
5835,D,Baschirotto,6.5,0,0,0,0,0,0,0,0,0
6632,D,Gaspar K.,7,0,0,0,0,0,0,0,0,0
6990,D,Veiga D.,6,0,0,0,0,0,0,0,0,0
5504,C,Coulibaly L.,7.5,1,0,0,0,0,0,0,0,0
5872,C,Helgason,6,0,0,0,0,0,0,0,0,0
6015,C,Berisha M.,6.5,0,0,0,0,0,0,0,0,0
6394,C,Ramadani,6.5,0,0,0,0,0,0,0,0,0
6410,C,Kaba,6,0,0,0,0,0,0,0,0,0
6459,C,Karlsson,5.5,0,0,0,0,0,0,0,0,0
6418,A,Burnete,6*,0,0,0,0,0,0,0,0,0
6435,A,Krstovic,6.5,0,0,0,0,0,0,0,0,1
6549,A,Pierotti,4.5,0,0,0,0,0,0,0,1,0
681,ALL,Giampaolo,7,0,0,0,0,0,0,0,0,0
Milan,,,,,,,,,,,,
Cod.,Ruolo,Nome,Voto,Gf,Gs,Rp,Rs,Rf,Au,Amm,Esp,Ass
4312,P,Maignan,6.5,0,0,0,0,0,0,0,0,0
464,D,Florenzi,6*,0,0,0,0,0,0,0,0,0
4401,D,Gabbia,7,1,0,0,0,0,0,0,0,0
4751,D,Tomori,6,0,0,0,0,0,0,0,0,0
5022,D,Pavlovic,6.5,0,0,0,0,0,0,0,0,0
6496,D,Bartesaghi,6,0,0,0,0,0,0,0,0,0
6531,D,Jimenez A.,6,0,0,0,0,0,0,0,0,0
2423,C,Pulisic,6,0,0,0,0,0,0,0,0,0
4199,C,Loftus-Cheek,5.5,0,0,0,0,0,0,0,0,0
4686,C,Fofana Y.,6*,0,0,0,0,0,0,0,0,0
4856,C,Chukwueze,7,0,0,0,0,0,0,0,0,1
5295,C,Musah,5,0,0,0,0,0,0,0,0,0
6224,C,Reijnders,6.5,0,0,0,0,0,0,0,0,0
2438,A,Jovic,5,0,0,0,0,0,0,0,0,0
4811,A,Joao Felix,7,1,0,0,0,0,0,0,0,0
6519,A,Camarda,6.5,0,0,0,0,0,0,0,0,0
6960,ALL,Conceicao S.,6.5,0,0,0,0,0,0,0,0,0
Monza,,,,,,,,,,,,
Cod.,Ruolo,Nome,Voto,Gf,Gs,Rp,Rs,Rf,Au,Amm,Esp,Ass
6682,P,Pizzignacco,6,0,2,0,0,0,0,0,0,0
6818,P,Mazza,6*,0,0,0,0,0,0,0,0,0
226,D,Izzo,6*,0,0,0,0,0,0,0,0,0
729,D,Pereira P.,5.5,0,0,0,0,0,0,0,0,0
4530,D,Kyriakopoulos,6,0,0,0,0,0,0,0,0,0
4925,D,Carboni A.,5.5,0,0,0,0,0,0,0,0,0
4958,D,Caldirola,5.5,0,0,0,0,0,0,0,0,0
5838,D,Birindelli,6.5,0,0,0,0,0,0,0,0,0
1978,C,Sensi,6,0,0,0,0,0,0,0,0,0
4377,C,Castrovilli,5.5,0,0,0,0,0,0,0,0,0
5286,C,Akpa Akpro,6,0,0,0,0,0,0,0,0,0
5516,C,Bianco,5.5,0,0,0,0,0,0,1,0,0
5880,C,Ciurria,6.5,0,0,0,0,0,0,0,0,0
345,A,Keita B.,5.5,0,0,0,0,0,0,0,0,0
383,A,Petagna,6*,0,0,0,0,0,0,0,0,0
1958,A,Caprari,6,0,0,0,0,0,0,0,0,0
6621,ALL,Nesta,5.5,0,0,0,0,0,0,0,0,0
Napoli,,,,,,,,,,,,
Cod.,Ruolo,Nome,Voto,Gf,Gs,Rp,Rs,Rf,Au,Amm,Esp,Ass
572,P,Meret,6,0,0,0,0,0,0,0,0,0
1852,D,Spinazzola,6.5,0,0,0,0,0,0,0,0,0
2816,D,Di Lorenzo,6,0,0,0,0,0,0,0,0,0
4409,D,Rrahmani,6.5,0,0,0,0,0,0,0,0,0
5481,D,Mazzocchi,6*,0,0,0,0,0,0,0,0,0
5840,D,Olivera,6,0,0,0,0,0,0,0,0,0
536,C,Politano,6.5,0,0,0,0,0,0,1,0,1
4220,C,Zambo Anguissa,6,0,0,0,0,0,0,0,0,0
4777,C,McTominay,7.5,1,0,0,0,0,0,0,0,0
5131,C,Gilmour,6,0,0,0,0,0,0,0,0,0
6831,C,Neres,6,0,0,0,0,0,0,0,0,0
6969,C,Billing,6*,0,0,0,0,0,0,0,0,0
2061,A,Simeone,6,0,0,0,0,0,0,0,0,0
2531,A,Lukaku,7,1,0,0,0,0,0,1,0,0
4371,A,Raspadori,6.5,0,0,0,0,0,0,0,0,0
6145,A,Ngonge,6*,0,0,0,0,0,0,0,0,0
4416,ALL,Conte,8,0,0,0,0,0,0,0,0,0
Parma,,,,,,,,,,,,
Cod.,Ruolo,Nome,Voto,Gf,Gs,Rp,Rs,Rf,Au,Amm,Esp,Ass
6641,P,Suzuki,6,0,2,0,0,0,0,0,0,0
5307,D,Valenti,6,0,0,0,0,0,0,0,0,0
5353,D,Balogh,4.5,0,0,0,0,0,0,1,0,0
5862,D,Valeri,6,0,0,0,0,0,0,0,0,0
6663,D,Circati,5.5,0,0,0,0,0,0,0,0,0
6664,D,Delprato,6,0,0,0,0,0,0,0,0,0
4423,C,Hernani,6,0,0,0,0,0,0,0,0,0
5290,C,Estevez,6,0,0,0,0,0,0,0,0,0
5319,C,Sohm,6,0,0,0,0,0,0,0,0,0
6666,C,Bernabe',7,0,0,0,0,0,0,0,0,1
6821,C,Hainaut,7,1,0,0,0,0,0,0,0,0
6898,C,Keita M.,6*,0,0,0,0,0,0,0,0,0
6984,C,Ondrejka,7.5,2,0,0,0,0,0,0,0,0
5500,A,Cancellieri,6*,0,0,0,0,0,0,0,0,0
6669,A,Bonny,6.5,0,0,0,0,0,0,0,0,1
7023,A,Pellegrino M.,6.5,0,0,0,0,0,0,0,0,0
7043,ALL,Chivu,7,0,0,0,0,0,0,0,0,0
Roma,,,,,,,,,,,,
Cod.,Ruolo,Nome,Voto,Gf,Gs,Rp,Rs,Rf,Au,Amm,Esp,Ass
5841,P,Svilar,6,0,0,0,0,0,0,0,0,0
2296,D,Mancini,6.5,0,0,0,0,0,0,0,0,0
2406,D,Hummels,6*,0,0,0,0,0,0,0,0,0
4317,D,N'Dicka,6,0,0,0,0,0,0,0,0,0
4657,D,Celik,6,0,0,0,0,0,0,1,0,0
4772,D,Angelino,6.5,0,0,0,0,0,0,0,0,0
6986,D,Rensch,6*,0,0,0,0,0,0,0,0,0
468,C,Paredes,7,0,0,0,0,1,0,0,0,0
779,C,Cristante,6.5,0,0,0,0,0,0,0,0,0
795,C,El Shaarawy,6,0,0,0,0,0,0,0,0,0
4892,C,Saelemaekers,7.5,1,0,0,0,0,0,0,0,0
5589,C,Kone' M.,6,0,0,0,0,0,0,0,0,0
5823,C,Baldanzi,6*,0,0,0,0,0,0,0,0,0
6190,C,Pisilli,6*,0,0,0,0,0,0,0,0,0
5311,A,Shomurodov,6,0,0,0,0,0,0,0,0,0
5734,A,Soule',7,0,0,0,0,0,0,0,0,1
4350,ALL,Ranieri C.,7,0,0,0,0,0,0,0,0,0
Torino,,,,,,,,,,,,
Cod.,Ruolo,Nome,Voto,Gf,Gs,Rp,Rs,Rf,Au,Amm,Esp,Ass
2170,P,Milinkovic-Savic V.,6,0,2,0,0,0,0,0,0,0
49,D,Masina,6,0,0,0,0,0,0,0,0,0
252,D,Biraghi,5.5,0,0,0,0,0,0,0,0,0
4374,D,Walukiewicz,6,0,0,0,0,0,0,0,0,0
4385,D,Lazaro,5,0,0,0,0,0,0,0,0,0
4665,D,Maripan,5.5,0,0,0,0,0,0,1,0,0
6826,D,Dembele' A.,5,0,0,0,0,0,0,0,0,0
2008,C,Linetty,6,0,0,0,0,0,0,0,0,0
4479,C,Elmas,5.5,0,0,0,0,0,0,0,0,0
5453,C,Ricci S.,5.5,0,0,0,0,0,0,0,0,0
5687,C,Vlasic,5.5,0,0,0,0,0,0,0,0,0
5888,C,Casadei,5.5,0,0,0,0,0,0,0,0,0
6170,C,Gineitis,6,0,0,0,0,0,0,0,0,0
7052,C,Perciun,6,0,0,0,0,0,0,0,0,0
6646,A,Adams C.,6,0,0,0,0,0,0,0,0,0
7063,A,Gabellini,6*,0,0,0,0,0,0,0,0,0
6619,ALL,Vanoli,5.5,0,0,0,0,0,0,0,0,0
Udinese,,,,,,,,,,,,
Cod.,Ruolo,Nome,Voto,Gf,Gs,Rp,Rs,Rf,Au,Amm,Esp,Ass
6462,P,Okoye,6,0,3,0,0,0,0,0,0,0
4263,D,Kabasele,7,1,0,0,0,0,0,0,0,0
5847,D,Bijol,4.5,0,0,0,0,0,0,0,1,0
6047,D,Ehizibue,5.5,0,0,0,0,0,0,0,0,0
6211,D,Zemura,5.5,0,0,0,0,0,0,0,0,0
6925,D,Palma,6*,0,0,0,0,0,0,0,0,0
6956,D,Solet,6,0,0,0,0,0,0,0,0,0
6212,C,Zarraga,5.5,0,0,0,0,0,0,0,0,0
6680,C,Karlstrom,5.5,0,0,0,0,0,0,1,0,0
6684,C,Ekkelenkamp,5.5,0,0,0,0,0,0,0,0,0
6908,C,Atta,6,0,0,0,0,0,0,0,0,0
2475,A,Sanchez,5.5,0,0,0,0,0,0,0,0,0
5637,A,Davis K.,6*,0,0,0,0,0,0,0,0,0
6215,A,Lucca,7,1,0,0,0,0,0,0,0,0
6653,A,Bravo,6*,0,0,0,0,0,0,0,0,0
6623,ALL,Runjaic,6,0,0,0,0,0,0,0,0,0
Venezia,,,,,,,,,,,,
Cod.,Ruolo,Nome,Voto,Gf,Gs,Rp,Rs,Rf,Au,Amm,Esp,Ass
1843,P,Radu I.,5,0,3,0,0,0,0,0,0,0
5695,D,Haps,7.5,1,0,0,0,0,0,0,0,1
6660,D,Marcandalli,6,0,0,0,0,0,0,0,0,0
6673,D,Sverko,5.5,0,0,0,0,0,0,0,0,0
6892,D,Schingtienne,5,0,0,0,0,0,0,0,0,0
6985,D,Candè,5.5,0,0,0,0,0,0,0,0,0
4349,C,Nicolussi Caviglia,5,0,0,0,0,0,0,0,0,0
5998,C,Zerbin,5.5,0,0,0,0,0,0,1,0,0
6020,C,Ellertsson,6.5,0,0,0,0,0,0,0,0,0
6218,C,Oristanio,6,0,0,0,0,0,0,0,0,0
6683,C,Doumbia I.,6,0,0,0,0,0,0,0,0,0
6904,C,Yeboah J.,5.5,0,0,0,0,0,0,0,0,0
6994,C,Perez K.,6,0,0,0,0,0,0,0,0,0
5881,A,Gytkjaer,5.5,0,0,0,0,0,0,0,0,0
6250,A,Maric,6*,0,0,0,0,0,0,0,0,0
7022,A,Fila,7,1,0,0,0,0,0,0,0,0
691,ALL,Di Francesco,5.5,0,0,0,0,0,0,0,0,0
Verona,,,,,,,,,,,,
Cod.,Ruolo,Nome,Voto,Gf,Gs,Rp,Rs,Rf,Au,Amm,Esp,Ass
511,P,Perilli,6,0,1,0,0,0,0,0,0,0
4493,D,Dawidowicz,6,0,0,0,0,0,0,0,0,0
5532,D,Bradaric,7,1,0,0,0,0,0,0,0,0
5764,D,Coppola D.,6.5,0,0,0,0,0,0,0,0,0
6480,D,Tchatchoua,6.5,0,0,0,0,0,0,0,0,1
6631,D,Ghilardi,6,0,0,0,0,0,0,0,0,0
6639,D,Frese,6*,0,0,0,0,0,0,0,0,0
6957,D,Valentini N.,5.5,0,0,0,0,0,0,1,0,0
4342,C,Duda,6.5,0,0,0,0,0,0,0,1,1
6458,C,Serdar,7,1,0,0,0,0,0,0,0,0
6486,C,Suslov,5.5,0,0,0,0,0,0,0,0,0
7028,C,Bernede,6*,0,0,0,0,0,0,0,0,0
6159,A,Sarr A.,5.5,0,0,0,0,0,0,0,0,0
6630,A,Mosquera,6,0,0,0,0,0,0,1,0,0
6644,A,Rocha Livramento,6.5,0,0,0,0,0,0,0,0,0
5497,ALL,Zanetti,6.5,0,0,0,0,0,0,0,0,0
