"filename", "language", "Python", "pip requirements", "Dotenv", "MS SQL", "JavaScript", "CSV", "HTML", "Markdown", "PostCSS", "XML", "Log", "JSON", "comment", "blank", "total"
"/home/andrea/src/l4m2_0/l4m20/.env", "Dotenv", 0, 0, 8, 0, 0, 0, 0, 0, 0, 0, 0, 0, 3, 1, 12
"/home/andrea/src/l4m2_0/l4m20/l4m20/__init__.py", "Python", 0, 0, 0, 0, 0, 0, 0, 0, 0, 0, 0, 0, 0, 1, 1
"/home/andrea/src/l4m2_0/l4m20/l4m20/asgi.py", "Python", 4, 0, 0, 0, 0, 0, 0, 0, 0, 0, 0, 0, 8, 5, 17
"/home/andrea/src/l4m2_0/l4m20/l4m20/constants.py", "Python", 179, 0, 0, 0, 0, 0, 0, 0, 0, 0, 0, 0, 0, 17, 196
"/home/andrea/src/l4m2_0/l4m20/l4m20/settings.py", "Python", 131, 0, 0, 0, 0, 0, 0, 0, 0, 0, 0, 0, 30, 33, 194
"/home/andrea/src/l4m2_0/l4m20/l4m20/urls.py", "Python", 6, 0, 0, 0, 0, 0, 0, 0, 0, 0, 0, 0, 0, 3, 9
"/home/andrea/src/l4m2_0/l4m20/l4m20/wsgi.py", "Python", 4, 0, 0, 0, 0, 0, 0, 0, 0, 0, 0, 0, 8, 5, 17
"/home/andrea/src/l4m2_0/l4m20/l4m_app/__init__.py", "Python", 0, 0, 0, 0, 0, 0, 0, 0, 0, 0, 0, 0, 0, 1, 1
"/home/andrea/src/l4m2_0/l4m20/l4m_app/admin.py", "Python", 23, 0, 0, 0, 0, 0, 0, 0, 0, 0, 0, 0, 1, 2, 26
"/home/andrea/src/l4m2_0/l4m20/l4m_app/apps.py", "Python", 4, 0, 0, 0, 0, 0, 0, 0, 0, 0, 0, 0, 0, 3, 7
"/home/andrea/src/l4m2_0/l4m20/l4m_app/calculate_utilities.py", "Python", 435, 0, 0, 0, 0, 0, 0, 0, 0, 0, 0, 0, 9, 81, 525
"/home/andrea/src/l4m2_0/l4m20/l4m_app/context_processors.py", "Python", 21, 0, 0, 0, 0, 0, 0, 0, 0, 0, 0, 0, 0, 10, 31
"/home/andrea/src/l4m2_0/l4m20/l4m_app/libs/__init__.py", "Python", 2, 0, 0, 0, 0, 0, 0, 0, 0, 0, 0, 0, 0, 0, 2
"/home/andrea/src/l4m2_0/l4m20/l4m_app/live_utilities.py", "Python", 1117, 0, 0, 0, 0, 0, 0, 0, 0, 0, 0, 0, 72, 272, 1461
"/home/andrea/src/l4m2_0/l4m20/l4m_app/log/log.log", "Log", 0, 0, 0, 0, 0, 0, 0, 0, 0, 0, 249, 0, 0, 1, 250
"/home/andrea/src/l4m2_0/l4m20/l4m_app/migrations/0001_initial.py", "Python", 15, 0, 0, 0, 0, 0, 0, 0, 0, 0, 0, 0, 1, 7, 23
"/home/andrea/src/l4m2_0/l4m20/l4m_app/migrations/0002_player_role.py", "Python", 13, 0, 0, 0, 0, 0, 0, 0, 0, 0, 0, 0, 1, 6, 20
"/home/andrea/src/l4m2_0/l4m20/l4m_app/migrations/0003_player_status.py", "Python", 13, 0, 0, 0, 0, 0, 0, 0, 0, 0, 0, 0, 1, 6, 20
"/home/andrea/src/l4m2_0/l4m20/l4m_app/migrations/0004_competition_realteam_series_session_team_market_bet_and_more.py", "Python", 83, 0, 0, 0, 0, 0, 0, 0, 0, 0, 0, 0, 1, 6, 90
"/home/andrea/src/l4m2_0/l4m20/l4m_app/migrations/0005_alter_player_name.py", "Python", 12, 0, 0, 0, 0, 0, 0, 0, 0, 0, 0, 0, 1, 6, 19
"/home/andrea/src/l4m2_0/l4m20/l4m_app/migrations/0006_bet_expiration_date.py", "Python", 14, 0, 0, 0, 0, 0, 0, 0, 0, 0, 0, 0, 1, 6, 21
"/home/andrea/src/l4m2_0/l4m20/l4m_app/migrations/0007_remove_bet_name.py", "Python", 11, 0, 0, 0, 0, 0, 0, 0, 0, 0, 0, 0, 1, 6, 18
"/home/andrea/src/l4m2_0/l4m20/l4m_app/migrations/0008_bet_slot.py", "Python", 13, 0, 0, 0, 0, 0, 0, 0, 0, 0, 0, 0, 1, 6, 20
"/home/andrea/src/l4m2_0/l4m20/l4m_app/migrations/0009_team_users.py", "Python", 14, 0, 0, 0, 0, 0, 0, 0, 0, 0, 0, 0, 1, 6, 21
"/home/andrea/src/l4m2_0/l4m20/l4m_app/migrations/0010_rename_session_date_market_name.py", "Python", 12, 0, 0, 0, 0, 0, 0, 0, 0, 0, 0, 0, 1, 6, 19
"/home/andrea/src/l4m2_0/l4m20/l4m_app/migrations/0011_alter_bet_expiration_date.py", "Python", 12, 0, 0, 0, 0, 0, 0, 0, 0, 0, 0, 0, 1, 6, 19
"/home/andrea/src/l4m2_0/l4m20/l4m_app/migrations/0012_balance.py", "Python", 16, 0, 0, 0, 0, 0, 0, 0, 0, 0, 0, 0, 1, 6, 23
"/home/andrea/src/l4m2_0/l4m20/l4m_app/migrations/0013_team_balance.py", "Python", 13, 0, 0, 0, 0, 0, 0, 0, 0, 0, 0, 0, 1, 6, 20
"/home/andrea/src/l4m2_0/l4m20/l4m_app/migrations/0014_remove_team_balance_balance_team.py", "Python", 17, 0, 0, 0, 0, 0, 0, 0, 0, 0, 0, 0, 1, 6, 24
"/home/andrea/src/l4m2_0/l4m20/l4m_app/migrations/0015_bet_isexpired.py", "Python", 12, 0, 0, 0, 0, 0, 0, 0, 0, 0, 0, 0, 1, 6, 19
"/home/andrea/src/l4m2_0/l4m20/l4m_app/migrations/0016_bet_israised.py", "Python", 12, 0, 0, 0, 0, 0, 0, 0, 0, 0, 0, 0, 1, 6, 19
"/home/andrea/src/l4m2_0/l4m20/l4m_app/migrations/0017_alter_balance_team.py", "Python", 13, 0, 0, 0, 0, 0, 0, 0, 0, 0, 0, 0, 1, 6, 20
"/home/andrea/src/l4m2_0/l4m20/l4m_app/migrations/0018_notification.py", "Python", 19, 0, 0, 0, 0, 0, 0, 0, 0, 0, 0, 0, 1, 6, 26
"/home/andrea/src/l4m2_0/l4m20/l4m_app/migrations/0018_squads.py", "Python", 23, 0, 0, 0, 0, 0, 0, 0, 0, 0, 0, 0, 1, 6, 30
"/home/andrea/src/l4m2_0/l4m20/l4m_app/migrations/0019_remove_notification_team.py", "Python", 11, 0, 0, 0, 0, 0, 0, 0, 0, 0, 0, 0, 1, 6, 18
"/home/andrea/src/l4m2_0/l4m20/l4m_app/migrations/0019_rename_last_bet_id_squads_last_bet_and_more.py", "Python", 17, 0, 0, 0, 0, 0, 0, 0, 0, 0, 0, 0, 1, 6, 24
"/home/andrea/src/l4m2_0/l4m20/l4m_app/migrations/0020_remove_bet_best.py", "Python", 11, 0, 0, 0, 0, 0, 0, 0, 0, 0, 0, 0, 1, 6, 18
"/home/andrea/src/l4m2_0/l4m20/l4m_app/migrations/0020_rename_team_id_squads_team.py", "Python", 12, 0, 0, 0, 0, 0, 0, 0, 0, 0, 0, 0, 1, 6, 19
"/home/andrea/src/l4m2_0/l4m20/l4m_app/migrations/0021_alter_squads_amount_alter_squads_jersey_num_and_more.py", "Python", 58, 0, 0, 0, 0, 0, 0, 0, 0, 0, 0, 0, 1, 6, 65
"/home/andrea/src/l4m2_0/l4m20/l4m_app/migrations/0021_bet_history.py", "Python", 26, 0, 0, 0, 0, 0, 0, 0, 0, 0, 0, 0, 1, 6, 33
"/home/andrea/src/l4m2_0/l4m20/l4m_app/migrations/0022_merge_20250306_2344.py", "Python", 8, 0, 0, 0, 0, 0, 0, 0, 0, 0, 0, 0, 1, 6, 15
"/home/andrea/src/l4m2_0/l4m20/l4m_app/migrations/0023_remove_bet_history_isexpired_and_more.py", "Python", 19, 0, 0, 0, 0, 0, 0, 0, 0, 0, 0, 0, 1, 6, 26
"/home/andrea/src/l4m2_0/l4m20/l4m_app/migrations/0024_bet_isofficial.py", "Python", 12, 0, 0, 0, 0, 0, 0, 0, 0, 0, 0, 0, 1, 6, 19
"/home/andrea/src/l4m2_0/l4m20/l4m_app/migrations/0026_real_calendar_lineup.py", "Python", 30, 0, 0, 0, 0, 0, 0, 0, 0, 0, 0, 0, 2, 6, 38
"/home/andrea/src/l4m2_0/l4m20/l4m_app/migrations/0027_lineup_day.py", "Python", 13, 0, 0, 0, 0, 0, 0, 0, 0, 0, 0, 0, 1, 6, 20
"/home/andrea/src/l4m2_0/l4m20/l4m_app/migrations/0028_alter_lineup_line.py", "Python", 12, 0, 0, 0, 0, 0, 0, 0, 0, 0, 0, 0, 1, 6, 19
"/home/andrea/src/l4m2_0/l4m20/l4m_app/migrations/0029_remove_player_team.py", "Python", 11, 0, 0, 0, 0, 0, 0, 0, 0, 0, 0, 0, 1, 6, 18
"/home/andrea/src/l4m2_0/l4m20/l4m_app/migrations/0030_market_series_series_competition_session_market_and_more.py", "Python", 32, 0, 0, 0, 0, 0, 0, 0, 0, 0, 0, 0, 1, 6, 39
"/home/andrea/src/l4m2_0/l4m20/l4m_app/migrations/0031_remove_team_session.py", "Python", 11, 0, 0, 0, 0, 0, 0, 0, 0, 0, 0, 0, 1, 6, 18
"/home/andrea/src/l4m2_0/l4m20/l4m_app/migrations/0032_remove_market_competition_remove_market_players.py", "Python", 11, 0, 0, 0, 0, 0, 0, 0, 0, 0, 0, 0, 5, 6, 22
"/home/andrea/src/l4m2_0/l4m20/l4m_app/migrations/0033_session_begin_session_end.py", "Python", 17, 0, 0, 0, 0, 0, 0, 0, 0, 0, 0, 0, 1, 6, 24
"/home/andrea/src/l4m2_0/l4m20/l4m_app/migrations/0034_market_players.py", "Python", 7, 0, 0, 0, 0, 0, 0, 0, 0, 0, 0, 0, 6, 6, 19
"/home/andrea/src/l4m2_0/l4m20/l4m_app/migrations/0035_bet_players.py", "Python", 12, 0, 0, 0, 0, 0, 0, 0, 0, 0, 0, 0, 1, 6, 19
"/home/andrea/src/l4m2_0/l4m20/l4m_app/migrations/0036_remove_bet_players.py", "Python", 11, 0, 0, 0, 0, 0, 0, 0, 0, 0, 0, 0, 1, 6, 18
"/home/andrea/src/l4m2_0/l4m20/l4m_app/migrations/0037_mark_players_market_markplayers.py", "Python", 21, 0, 0, 0, 0, 0, 0, 0, 0, 0, 0, 0, 1, 6, 28
"/home/andrea/src/l4m2_0/l4m20/l4m_app/migrations/0038_bet_mark_player.py", "Python", 13, 0, 0, 0, 0, 0, 0, 0, 0, 0, 0, 0, 1, 6, 20
"/home/andrea/src/l4m2_0/l4m20/l4m_app/migrations/0039_rename_players__market_players_balance_n_carognate_and_more.py", "Python", 12, 0, 0, 0, 0, 0, 0, 0, 0, 0, 0, 0, 1, 6, 19
"/home/andrea/src/l4m2_0/l4m20/l4m_app/migrations/0040_balance_purchases_max_balance_wages_max_and_more.py", "Python", 12, 0, 0, 0, 0, 0, 0, 0, 0, 0, 0, 0, 1, 6, 19
"/home/andrea/src/l4m2_0/l4m20/l4m_app/migrations/0041_lineup_hidelineup_lineup_modnogk_alter_player_role.py", "Python", 22, 0, 0, 0, 0, 0, 0, 0, 0, 0, 0, 0, 1, 6, 29
"/home/andrea/src/l4m2_0/l4m20/l4m_app/migrations/0042_vote.py", "Python", 33, 0, 0, 0, 0, 0, 0, 0, 0, 0, 0, 0, 1, 6, 40
"/home/andrea/src/l4m2_0/l4m20/l4m_app/migrations/0043_competitioncalendar.py", "Python", 23, 0, 0, 0, 0, 0, 0, 0, 0, 0, 0, 0, 1, 6, 30
"/home/andrea/src/l4m2_0/l4m20/l4m_app/migrations/0044_matchescalendar.py", "Python", 20, 0, 0, 0, 0, 0, 0, 0, 0, 0, 0, 0, 1, 6, 27
"/home/andrea/src/l4m2_0/l4m20/l4m_app/migrations/0045_matchesresults.py", "Python", 22, 0, 0, 0, 0, 0, 0, 0, 0, 0, 0, 0, 1, 6, 29
"/home/andrea/src/l4m2_0/l4m20/l4m_app/migrations/0046_matchesresults_series_squads_quarantine_and_more.py", "Python", 23, 0, 0, 0, 0, 0, 0, 0, 0, 0, 0, 0, 1, 6, 30
"/home/andrea/src/l4m2_0/l4m20/l4m_app/migrations/0047_remove_matchesresults_series_matchescalendar_series.py", "Python", 17, 0, 0, 0, 0, 0, 0, 0, 0, 0, 0, 0, 1, 6, 24
"/home/andrea/src/l4m2_0/l4m20/l4m_app/migrations/0048_config.py", "Python", 15, 0, 0, 0, 0, 0, 0, 0, 0, 0, 0, 0, 1, 6, 22
"/home/andrea/src/l4m2_0/l4m20/l4m_app/migrations/0049_votes_live.py", "Python", 12, 0, 0, 0, 0, 0, 0, 0, 0, 0, 0, 0, 1, 6, 19
"/home/andrea/src/l4m2_0/l4m20/l4m_app/migrations/0050_matches_result.py", "Python", 17, 0, 0, 0, 0, 0, 0, 0, 0, 0, 0, 0, 1, 6, 24
"/home/andrea/src/l4m2_0/l4m20/l4m_app/migrations/0051_ranking.py", "Python", 19, 0, 0, 0, 0, 0, 0, 0, 0, 0, 0, 0, 1, 6, 26
"/home/andrea/src/l4m2_0/l4m20/l4m_app/migrations/0052_team_logo.py", "Python", 12, 0, 0, 0, 0, 0, 0, 0, 0, 0, 0, 0, 1, 6, 19
"/home/andrea/src/l4m2_0/l4m20/l4m_app/migrations/0053_votes_null.py", "Python", 12, 0, 0, 0, 0, 0, 0, 0, 0, 0, 0, 0, 1, 6, 19
"/home/andrea/src/l4m2_0/l4m20/l4m_app/migrations/0054_yelred.py", "Python", 17, 0, 0, 0, 0, 0, 0, 0, 0, 0, 0, 0, 1, 6, 24
"/home/andrea/src/l4m2_0/l4m20/l4m_app/migrations/0055_balance_n_svincoli.py", "Python", 12, 0, 0, 0, 0, 0, 0, 0, 0, 0, 0, 0, 1, 6, 19
"/home/andrea/src/l4m2_0/l4m20/l4m_app/migrations/0056_bet_history_svincolo.py", "Python", 12, 0, 0, 0, 0, 0, 0, 0, 0, 0, 0, 0, 1, 6, 19
"/home/andrea/src/l4m2_0/l4m20/l4m_app/migrations/0057_bet_history_session_svincolo.py", "Python", 13, 0, 0, 0, 0, 0, 0, 0, 0, 0, 0, 0, 1, 6, 20
"/home/andrea/src/l4m2_0/l4m20/l4m_app/migrations/0058_alter_player_role.py", "Python", 12, 0, 0, 0, 0, 0, 0, 0, 0, 0, 0, 0, 1, 6, 19
"/home/andrea/src/l4m2_0/l4m20/l4m_app/migrations/0059_balance_n_formazioni_non_schierate.py", "Python", 12, 0, 0, 0, 0, 0, 0, 0, 0, 0, 0, 0, 1, 6, 19
"/home/andrea/src/l4m2_0/l4m20/l4m_app/migrations/0060_competition_active_competition_live.py", "Python", 17, 0, 0, 0, 0, 0, 0, 0, 0, 0, 0, 0, 1, 6, 24
"/home/andrea/src/l4m2_0/l4m20/l4m_app/migrations/0061_competition_lineup.py", "Python", 12, 0, 0, 0, 0, 0, 0, 0, 0, 0, 0, 0, 1, 6, 19
"/home/andrea/src/l4m2_0/l4m20/l4m_app/migrations/0062_matchesresults_bonuscap_matchesresults_bonusdisc_and_more.py", "Python", 92, 0, 0, 0, 0, 0, 0, 0, 0, 0, 0, 0, 1, 6, 99
"/home/andrea/src/l4m2_0/l4m20/l4m_app/migrations/0063_alter_matchesresults_home.py", "Python", 12, 0, 0, 0, 0, 0, 0, 0, 0, 0, 0, 0, 1, 6, 19
"/home/andrea/src/l4m2_0/l4m20/l4m_app/migrations/0064_b11results.py", "Python", 17, 0, 0, 0, 0, 0, 0, 0, 0, 0, 0, 0, 1, 6, 24
"/home/andrea/src/l4m2_0/l4m20/l4m_app/migrations/0065_competition_logopath.py", "Python", 12, 0, 0, 0, 0, 0, 0, 0, 0, 0, 0, 0, 1, 6, 19
"/home/andrea/src/l4m2_0/l4m20/l4m_app/migrations/0066_team_competition_team_competition.py", "Python", 22, 0, 0, 0, 0, 0, 0, 0, 0, 0, 0, 0, 1, 6, 29
"/home/andrea/src/l4m2_0/l4m20/l4m_app/migrations/0067_team_shortname.py", "Python", 12, 0, 0, 0, 0, 0, 0, 0, 0, 0, 0, 0, 1, 6, 19
"/home/andrea/src/l4m2_0/l4m20/l4m_app/migrations/0068_remove_bet_mark_player_remove_market_markplayers_and_more.py", "Python", 18, 0, 0, 0, 0, 0, 0, 0, 0, 0, 0, 0, 1, 6, 25
"/home/andrea/src/l4m2_0/l4m20/l4m_app/migrations/0069_lineup_late.py", "Python", 12, 0, 0, 0, 0, 0, 0, 0, 0, 0, 0, 0, 1, 6, 19
"/home/andrea/src/l4m2_0/l4m20/l4m_app/migrations/0070_rename_late_lineup_lateedit.py", "Python", 12, 0, 0, 0, 0, 0, 0, 0, 0, 0, 0, 0, 1, 6, 19
"/home/andrea/src/l4m2_0/l4m20/l4m_app/migrations/0071_vote_totvote.py", "Python", 12, 0, 0, 0, 0, 0, 0, 0, 0, 0, 0, 0, 1, 6, 19
"/home/andrea/src/l4m2_0/l4m20/l4m_app/migrations/0072_competitioncalendar_suspended.py", "Python", 12, 0, 0, 0, 0, 0, 0, 0, 0, 0, 0, 0, 1, 6, 19
"/home/andrea/src/l4m2_0/l4m20/l4m_app/migrations/0073_matchesresults_extratimeplayers_and_more.py", "Python", 17, 0, 0, 0, 0, 0, 0, 0, 0, 0, 0, 0, 1, 6, 24
"/home/andrea/src/l4m2_0/l4m20/l4m_app/migrations/0074_remove_team_shortname_alter_bet_slot.py", "Python", 16, 0, 0, 0, 0, 0, 0, 0, 0, 0, 0, 0, 1, 6, 23
"/home/andrea/src/l4m2_0/l4m20/l4m_app/migrations/0075_series_active.py", "Python", 12, 0, 0, 0, 0, 0, 0, 0, 0, 0, 0, 0, 1, 6, 19
"/home/andrea/src/l4m2_0/l4m20/l4m_app/migrations/0076_matchesresults_aggregatescore.py", "Python", 12, 0, 0, 0, 0, 0, 0, 0, 0, 0, 0, 0, 1, 6, 19
"/home/andrea/src/l4m2_0/l4m20/l4m_app/migrations/0077_alter_matchesresults_aggregatescore.py", "Python", 12, 0, 0, 0, 0, 0, 0, 0, 0, 0, 0, 0, 1, 6, 19
"/home/andrea/src/l4m2_0/l4m20/l4m_app/migrations/0078_series_isgirone.py", "Python", 12, 0, 0, 0, 0, 0, 0, 0, 0, 0, 0, 0, 1, 6, 19
"/home/andrea/src/l4m2_0/l4m20/l4m_app/migrations/0079_remove_real_calendar_competition_real_calendar_ft.py", "Python", 16, 0, 0, 0, 0, 0, 0, 0, 0, 0, 0, 0, 1, 6, 23
"/home/andrea/src/l4m2_0/l4m20/l4m_app/migrations/__init__.py", "Python", 0, 0, 0, 0, 0, 0, 0, 0, 0, 0, 0, 0, 0, 1, 1
"/home/andrea/src/l4m2_0/l4m20/l4m_app/models.py", "Python", 5, 0, 0, 0, 0, 0, 0, 0, 0, 0, 0, 0, 0, 3, 8
"/home/andrea/src/l4m2_0/l4m20/l4m_app/scripts/data.sql", "MS SQL", 0, 0, 0, 60, 0, 0, 0, 0, 0, 0, 0, 0, 14, 13, 87
"/home/andrea/src/l4m2_0/l4m20/l4m_app/scripts/do_calendars_campionato.py", "Python", 78, 0, 0, 0, 0, 0, 0, 0, 0, 0, 0, 0, 11, 19, 108
"/home/andrea/src/l4m2_0/l4m20/l4m_app/scripts/do_calendars_cdl.py", "Python", 87, 0, 0, 0, 0, 0, 0, 0, 0, 0, 0, 0, 38, 26, 151
"/home/andrea/src/l4m2_0/l4m20/l4m_app/scripts/do_calendars_cds.py", "Python", 80, 0, 0, 0, 0, 0, 0, 0, 0, 0, 0, 0, 44, 24, 148
"/home/andrea/src/l4m2_0/l4m20/l4m_app/scripts/do_calendars_total.py", "Python", 82, 0, 0, 0, 0, 0, 0, 0, 0, 0, 0, 0, 32, 25, 139
"/home/andrea/src/l4m2_0/l4m20/l4m_app/scripts/form_leagues.py", "Python", 52, 0, 0, 0, 0, 0, 0, 0, 0, 0, 0, 0, 15, 17, 84
"/home/andrea/src/l4m2_0/l4m20/l4m_app/scripts/live_parser/.env", "Dotenv", 0, 0, 4, 0, 0, 0, 0, 0, 0, 0, 0, 0, 3, 1, 8
"/home/andrea/src/l4m2_0/l4m20/l4m_app/scripts/live_parser/all_players.csv", "CSV", 0, 0, 0, 0, 0, 600, 0, 0, 0, 0, 0, 0, 0, 1, 601
"/home/andrea/src/l4m2_0/l4m20/l4m_app/scripts/live_parser/constants.py", "Python", 33, 0, 0, 0, 0, 0, 0, 0, 0, 0, 0, 0, 0, 2, 35
"/home/andrea/src/l4m2_0/l4m20/l4m_app/scripts/live_parser/db_connector.py", "Python", 40, 0, 0, 0, 0, 0, 0, 0, 0, 0, 0, 0, 0, 15, 55
"/home/andrea/src/l4m2_0/l4m20/l4m_app/scripts/live_parser/fake.json", "JSON", 0, 0, 0, 0, 0, 0, 0, 0, 0, 0, 0, 2102, 0, 0, 2102
"/home/andrea/src/l4m2_0/l4m20/l4m_app/scripts/live_parser/html_parser.py", "Python", 4, 0, 0, 0, 0, 0, 0, 0, 0, 0, 0, 0, 0, 2, 6
"/home/andrea/src/l4m2_0/l4m20/l4m_app/scripts/live_parser/live_scraper.py", "Python", 71, 0, 0, 0, 0, 0, 0, 0, 0, 0, 0, 0, 9, 20, 100
"/home/andrea/src/l4m2_0/l4m20/l4m_app/scripts/live_parser/log/scarper.log", "Log", 0, 0, 0, 0, 0, 0, 0, 0, 0, 0, 10, 0, 0, 1, 11
"/home/andrea/src/l4m2_0/l4m20/l4m_app/scripts/live_parser/log/scraper.log", "Log", 0, 0, 0, 0, 0, 0, 0, 0, 0, 0, 2, 0, 0, 1, 3
"/home/andrea/src/l4m2_0/l4m20/l4m_app/scripts/live_parser/players_name_aligner.py", "Python", 49, 0, 0, 0, 0, 0, 0, 0, 0, 0, 0, 0, 11, 13, 73
"/home/andrea/src/l4m2_0/l4m20/l4m_app/scripts/live_parser/players_name_alignment_report_fixed.csv", "CSV", 0, 0, 0, 0, 0, 1247, 0, 0, 0, 0, 0, 0, 0, 1, 1248
"/home/andrea/src/l4m2_0/l4m20/l4m_app/scripts/live_parser/players_name_missing_report.csv", "CSV", 0, 0, 0, 0, 0, 40, 0, 0, 0, 0, 0, 0, 0, 1, 41
"/home/andrea/src/l4m2_0/l4m20/l4m_app/scripts/live_parser/players_statistics_calculator.py", "Python", 11, 0, 0, 0, 0, 0, 0, 0, 0, 0, 0, 0, 0, 2, 13
"/home/andrea/src/l4m2_0/l4m20/l4m_app/scripts/live_parser/utilities.py", "Python", 316, 0, 0, 0, 0, 0, 0, 0, 0, 0, 0, 0, 2, 54, 372
"/home/andrea/src/l4m2_0/l4m20/l4m_app/scripts/live_parser/vote_live.py", "Python", 29, 0, 0, 0, 0, 0, 0, 0, 0, 0, 0, 0, 0, 0, 29
"/home/andrea/src/l4m2_0/l4m20/l4m_app/scripts/matches_inserts_camp.sql", "MS SQL", 0, 0, 0, 455, 0, 0, 0, 0, 0, 0, 0, 0, 0, 1, 456
"/home/andrea/src/l4m2_0/l4m20/l4m_app/scripts/matches_inserts_cds.sql", "MS SQL", 0, 0, 0, 72, 0, 0, 0, 0, 0, 0, 0, 0, 0, 1, 73
"/home/andrea/src/l4m2_0/l4m20/l4m_app/scripts/matches_inserts_total.sql", "MS SQL", 0, 0, 0, 72, 0, 0, 0, 0, 0, 0, 0, 0, 0, 0, 72
"/home/andrea/src/l4m2_0/l4m20/l4m_app/scripts/run_bet_update.py", "Python", 17, 0, 0, 0, 0, 0, 0, 0, 0, 0, 0, 0, 0, 5, 22
"/home/andrea/src/l4m2_0/l4m20/l4m_app/scripts/voti/01.csv", "CSV", 0, 0, 0, 0, 0, 379, 0, 0, 0, 0, 0, 0, 0, 1, 380
"/home/andrea/src/l4m2_0/l4m20/l4m_app/scripts/voti/parse_votes.py", "Python", 80, 0, 0, 0, 0, 0, 0, 0, 0, 0, 0, 0, 9, 16, 105
"/home/andrea/src/l4m2_0/l4m20/l4m_app/single_models/b11_results.py", "Python", 9, 0, 0, 0, 0, 0, 0, 0, 0, 0, 0, 0, 0, 3, 12
"/home/andrea/src/l4m2_0/l4m20/l4m_app/single_models/balance.py", "Python", 15, 0, 0, 0, 0, 0, 0, 0, 0, 0, 0, 0, 0, 4, 19
"/home/andrea/src/l4m2_0/l4m20/l4m_app/single_models/bet.py", "Python", 34, 0, 0, 0, 0, 0, 0, 0, 0, 0, 0, 0, 0, 5, 39
"/home/andrea/src/l4m2_0/l4m20/l4m_app/single_models/bet_history.py", "Python", 29, 0, 0, 0, 0, 0, 0, 0, 0, 0, 0, 0, 0, 5, 34
"/home/andrea/src/l4m2_0/l4m20/l4m_app/single_models/competition.py", "Python", 11, 0, 0, 0, 0, 0, 0, 0, 0, 0, 0, 0, 0, 5, 16
"/home/andrea/src/l4m2_0/l4m20/l4m_app/single_models/competition_calendar.py", "Python", 15, 0, 0, 0, 0, 0, 0, 0, 0, 0, 0, 0, 0, 7, 22
"/home/andrea/src/l4m2_0/l4m20/l4m_app/single_models/config.py", "Python", 8, 0, 0, 0, 0, 0, 0, 0, 0, 0, 0, 0, 0, 4, 12
"/home/andrea/src/l4m2_0/l4m20/l4m_app/single_models/lineup.py", "Python", 15, 0, 0, 0, 0, 0, 0, 0, 0, 0, 0, 0, 0, 4, 19
"/home/andrea/src/l4m2_0/l4m20/l4m_app/single_models/market.py", "Python", 13, 0, 0, 0, 0, 0, 0, 0, 0, 0, 0, 0, 0, 6, 19
"/home/andrea/src/l4m2_0/l4m20/l4m_app/single_models/matches_calendar.py", "Python", 12, 0, 0, 0, 0, 0, 0, 0, 0, 0, 0, 0, 0, 6, 18
"/home/andrea/src/l4m2_0/l4m20/l4m_app/single_models/matches_results.py", "Python", 33, 0, 0, 0, 0, 0, 0, 0, 0, 0, 0, 0, 0, 6, 39
"/home/andrea/src/l4m2_0/l4m20/l4m_app/single_models/notification.py", "Python", 6, 0, 0, 0, 0, 0, 0, 0, 0, 0, 0, 0, 0, 4, 10
"/home/andrea/src/l4m2_0/l4m20/l4m_app/single_models/player.py", "Python", 18, 0, 0, 0, 0, 0, 0, 0, 0, 0, 0, 0, 0, 6, 24
"/home/andrea/src/l4m2_0/l4m20/l4m_app/single_models/ranking.py", "Python", 11, 0, 0, 0, 0, 0, 0, 0, 0, 0, 0, 0, 0, 4, 15
"/home/andrea/src/l4m2_0/l4m20/l4m_app/single_models/real_calendar.py", "Python", 11, 0, 0, 0, 0, 0, 0, 0, 0, 0, 0, 0, 1, 4, 16
"/home/andrea/src/l4m2_0/l4m20/l4m_app/single_models/real_team.py", "Python", 11, 0, 0, 0, 0, 0, 0, 0, 0, 0, 0, 0, 0, 6, 17
"/home/andrea/src/l4m2_0/l4m20/l4m_app/single_models/results_calendar.py", "Python", 11, 0, 0, 0, 0, 0, 0, 0, 0, 0, 0, 0, 0, 5, 16
"/home/andrea/src/l4m2_0/l4m20/l4m_app/single_models/series.py", "Python", 10, 0, 0, 0, 0, 0, 0, 0, 0, 0, 0, 0, 0, 4, 14
"/home/andrea/src/l4m2_0/l4m20/l4m_app/single_models/session.py", "Python", 12, 0, 0, 0, 0, 0, 0, 0, 0, 0, 0, 0, 0, 4, 16
"/home/andrea/src/l4m2_0/l4m20/l4m_app/single_models/squads.py", "Python", 27, 0, 0, 0, 0, 0, 0, 0, 0, 0, 0, 0, 0, 7, 34
"/home/andrea/src/l4m2_0/l4m20/l4m_app/single_models/team.py", "Python", 12, 0, 0, 0, 0, 0, 0, 0, 0, 0, 0, 0, 0, 5, 17
"/home/andrea/src/l4m2_0/l4m20/l4m_app/single_models/team_competition.py", "Python", 8, 0, 0, 0, 0, 0, 0, 0, 0, 0, 0, 0, 0, 4, 12
"/home/andrea/src/l4m2_0/l4m20/l4m_app/single_models/user.py", "Python", 4, 0, 0, 0, 0, 0, 0, 0, 0, 0, 0, 0, 2, 5, 11
"/home/andrea/src/l4m2_0/l4m20/l4m_app/single_models/vote.py", "Python", 88, 0, 0, 0, 0, 0, 0, 0, 0, 0, 0, 0, 0, 9, 97
"/home/andrea/src/l4m2_0/l4m20/l4m_app/single_views/admin_views.py", "Python", 92, 0, 0, 0, 0, 0, 0, 0, 0, 0, 0, 0, 2, 30, 124
"/home/andrea/src/l4m2_0/l4m20/l4m_app/single_views/allauction_views.py", "Python", 78, 0, 0, 0, 0, 0, 0, 0, 0, 0, 0, 0, 4, 27, 109
"/home/andrea/src/l4m2_0/l4m20/l4m_app/single_views/auction_views.py", "Python", 132, 0, 0, 0, 0, 0, 0, 0, 0, 0, 0, 0, 1, 39, 172
"/home/andrea/src/l4m2_0/l4m20/l4m_app/single_views/dashboard_views.py", "Python", 83, 0, 0, 0, 0, 0, 0, 0, 0, 0, 0, 0, 4, 23, 110
"/home/andrea/src/l4m2_0/l4m20/l4m_app/single_views/lineup_views.py", "Python", 168, 0, 0, 0, 0, 0, 0, 0, 0, 0, 0, 0, 2, 34, 204
"/home/andrea/src/l4m2_0/l4m20/l4m_app/single_views/live_views.py", "Python", 368, 0, 0, 0, 0, 0, 0, 0, 0, 0, 0, 0, 18, 106, 492
"/home/andrea/src/l4m2_0/l4m20/l4m_app/single_views/login_views.py", "Python", 63, 0, 0, 0, 0, 0, 0, 0, 0, 0, 0, 0, 1, 17, 81
"/home/andrea/src/l4m2_0/l4m20/l4m_app/single_views/my_leagues_views.py", "Python", 36, 0, 0, 0, 0, 0, 0, 0, 0, 0, 0, 0, 3, 10, 49
"/home/andrea/src/l4m2_0/l4m20/l4m_app/single_views/rules_views.py", "Python", 15, 0, 0, 0, 0, 0, 0, 0, 0, 0, 0, 0, 0, 7, 22
"/home/andrea/src/l4m2_0/l4m20/l4m_app/single_views/squad_views.py", "Python", 25, 0, 0, 0, 0, 0, 0, 0, 0, 0, 0, 0, 0, 11, 36
"/home/andrea/src/l4m2_0/l4m20/l4m_app/single_views/statistics_views.py", "Python", 26, 0, 0, 0, 0, 0, 0, 0, 0, 0, 0, 0, 0, 7, 33
"/home/andrea/src/l4m2_0/l4m20/l4m_app/static/admin/css/autocomplete.css", "PostCSS", 0, 0, 0, 0, 0, 0, 0, 0, 230, 0, 0, 0, 0, 50, 280
"/home/andrea/src/l4m2_0/l4m20/l4m_app/static/admin/css/base.css", "PostCSS", 0, 0, 0, 0, 0, 0, 0, 0, 932, 0, 0, 0, 32, 216, 1180
"/home/andrea/src/l4m2_0/l4m20/l4m_app/static/admin/css/changelists.css", "PostCSS", 0, 0, 0, 0, 0, 0, 0, 0, 273, 0, 0, 0, 8, 63, 344
"/home/andrea/src/l4m2_0/l4m20/l4m_app/static/admin/css/dark_mode.css", "PostCSS", 0, 0, 0, 0, 0, 0, 0, 0, 96, 0, 0, 0, 6, 29, 131
"/home/andrea/src/l4m2_0/l4m20/l4m_app/static/admin/css/dashboard.css", "PostCSS", 0, 0, 0, 0, 0, 0, 0, 0, 21, 0, 0, 0, 2, 7, 30
"/home/andrea/src/l4m2_0/l4m20/l4m_app/static/admin/css/forms.css", "PostCSS", 0, 0, 0, 0, 0, 0, 0, 0, 399, 0, 0, 0, 12, 102, 513
"/home/andrea/src/l4m2_0/l4m20/l4m_app/static/admin/css/login.css", "PostCSS", 0, 0, 0, 0, 0, 0, 0, 0, 49, 0, 0, 0, 1, 12, 62
"/home/andrea/src/l4m2_0/l4m20/l4m_app/static/admin/css/nav_sidebar.css", "PostCSS", 0, 0, 0, 0, 0, 0, 0, 0, 125, 0, 0, 0, 0, 26, 151
"/home/andrea/src/l4m2_0/l4m20/l4m_app/static/admin/css/responsive.css", "PostCSS", 0, 0, 0, 0, 0, 0, 0, 0, 723, 0, 0, 0, 31, 214, 968
"/home/andrea/src/l4m2_0/l4m20/l4m_app/static/admin/css/responsive_rtl.css", "PostCSS", 0, 0, 0, 0, 0, 0, 0, 0, 87, 0, 0, 0, 2, 23, 112
"/home/andrea/src/l4m2_0/l4m20/l4m_app/static/admin/css/rtl.css", "PostCSS", 0, 0, 0, 0, 0, 0, 0, 0, 221, 0, 0, 0, 8, 63, 292
"/home/andrea/src/l4m2_0/l4m20/l4m_app/static/admin/css/unusable_password_field.css", "PostCSS", 0, 0, 0, 0, 0, 0, 0, 0, 13, 0, 0, 0, 3, 4, 20
"/home/andrea/src/l4m2_0/l4m20/l4m_app/static/admin/css/vendor/select2/LICENSE-SELECT2.md", "Markdown", 0, 0, 0, 0, 0, 0, 0, 17, 0, 0, 0, 0, 0, 5, 22
"/home/andrea/src/l4m2_0/l4m20/l4m_app/static/admin/css/vendor/select2/select2.css", "PostCSS", 0, 0, 0, 0, 0, 0, 0, 0, 425, 0, 0, 0, 0, 57, 482
"/home/andrea/src/l4m2_0/l4m20/l4m_app/static/admin/css/vendor/select2/select2.min.css", "PostCSS", 0, 0, 0, 0, 0, 0, 0, 0, 1, 0, 0, 0, 0, 1, 2
"/home/andrea/src/l4m2_0/l4m20/l4m_app/static/admin/css/widgets.css", "PostCSS", 0, 0, 0, 0, 0, 0, 0, 0, 485, 0, 0, 0, 9, 100, 594
"/home/andrea/src/l4m2_0/l4m20/l4m_app/static/admin/img/calendar-icons.svg", "XML", 0, 0, 0, 0, 0, 0, 0, 0, 0, 63, 0, 0, 0, 1, 64
"/home/andrea/src/l4m2_0/l4m20/l4m_app/static/admin/img/gis/move_vertex_off.svg", "XML", 0, 0, 0, 0, 0, 0, 0, 0, 0, 1, 0, 0, 0, 0, 1
"/home/andrea/src/l4m2_0/l4m20/l4m_app/static/admin/img/gis/move_vertex_on.svg", "XML", 0, 0, 0, 0, 0, 0, 0, 0, 0, 1, 0, 0, 0, 0, 1
"/home/andrea/src/l4m2_0/l4m20/l4m_app/static/admin/img/icon-addlink.svg", "XML", 0, 0, 0, 0, 0, 0, 0, 0, 0, 3, 0, 0, 0, 1, 4
"/home/andrea/src/l4m2_0/l4m20/l4m_app/static/admin/img/icon-alert.svg", "XML", 0, 0, 0, 0, 0, 0, 0, 0, 0, 3, 0, 0, 0, 1, 4
"/home/andrea/src/l4m2_0/l4m20/l4m_app/static/admin/img/icon-calendar.svg", "XML", 0, 0, 0, 0, 0, 0, 0, 0, 0, 9, 0, 0, 0, 1, 10
"/home/andrea/src/l4m2_0/l4m20/l4m_app/static/admin/img/icon-changelink.svg", "XML", 0, 0, 0, 0, 0, 0, 0, 0, 0, 3, 0, 0, 0, 1, 4
"/home/andrea/src/l4m2_0/l4m20/l4m_app/static/admin/img/icon-clock.svg", "XML", 0, 0, 0, 0, 0, 0, 0, 0, 0, 9, 0, 0, 0, 1, 10
"/home/andrea/src/l4m2_0/l4m20/l4m_app/static/admin/img/icon-deletelink.svg", "XML", 0, 0, 0, 0, 0, 0, 0, 0, 0, 3, 0, 0, 0, 1, 4
"/home/andrea/src/l4m2_0/l4m20/l4m_app/static/admin/img/icon-hidelink.svg", "XML", 0, 0, 0, 0, 0, 0, 0, 0, 0, 3, 0, 0, 0, 1, 4
"/home/andrea/src/l4m2_0/l4m20/l4m_app/static/admin/img/icon-no.svg", "XML", 0, 0, 0, 0, 0, 0, 0, 0, 0, 3, 0, 0, 0, 1, 4
"/home/andrea/src/l4m2_0/l4m20/l4m_app/static/admin/img/icon-unknown-alt.svg", "XML", 0, 0, 0, 0, 0, 0, 0, 0, 0, 3, 0, 0, 0, 1, 4
"/home/andrea/src/l4m2_0/l4m20/l4m_app/static/admin/img/icon-unknown.svg", "XML", 0, 0, 0, 0, 0, 0, 0, 0, 0, 3, 0, 0, 0, 1, 4
"/home/andrea/src/l4m2_0/l4m20/l4m_app/static/admin/img/icon-viewlink.svg", "XML", 0, 0, 0, 0, 0, 0, 0, 0, 0, 3, 0, 0, 0, 1, 4
"/home/andrea/src/l4m2_0/l4m20/l4m_app/static/admin/img/icon-yes.svg", "XML", 0, 0, 0, 0, 0, 0, 0, 0, 0, 3, 0, 0, 0, 1, 4
"/home/andrea/src/l4m2_0/l4m20/l4m_app/static/admin/img/inline-delete.svg", "XML", 0, 0, 0, 0, 0, 0, 0, 0, 0, 3, 0, 0, 0, 1, 4
"/home/andrea/src/l4m2_0/l4m20/l4m_app/static/admin/img/search.svg", "XML", 0, 0, 0, 0, 0, 0, 0, 0, 0, 3, 0, 0, 0, 1, 4
"/home/andrea/src/l4m2_0/l4m20/l4m_app/static/admin/img/selector-icons.svg", "XML", 0, 0, 0, 0, 0, 0, 0, 0, 0, 34, 0, 0, 0, 1, 35
"/home/andrea/src/l4m2_0/l4m20/l4m_app/static/admin/img/sorting-icons.svg", "XML", 0, 0, 0, 0, 0, 0, 0, 0, 0, 19, 0, 0, 0, 1, 20
"/home/andrea/src/l4m2_0/l4m20/l4m_app/static/admin/img/tooltag-add.svg", "XML", 0, 0, 0, 0, 0, 0, 0, 0, 0, 3, 0, 0, 0, 1, 4
"/home/andrea/src/l4m2_0/l4m20/l4m_app/static/admin/img/tooltag-arrowright.svg", "XML", 0, 0, 0, 0, 0, 0, 0, 0, 0, 3, 0, 0, 0, 1, 4
"/home/andrea/src/l4m2_0/l4m20/l4m_app/static/admin/js/SelectBox.js", "JavaScript", 0, 0, 0, 0, 111, 0, 0, 0, 0, 0, 0, 0, 5, 1, 117
"/home/andrea/src/l4m2_0/l4m20/l4m_app/static/admin/js/SelectFilter2.js", "JavaScript", 0, 0, 0, 0, 235, 0, 0, 0, 0, 0, 0, 0, 28, 24, 287
"/home/andrea/src/l4m2_0/l4m20/l4m_app/static/admin/js/actions.js", "JavaScript", 0, 0, 0, 0, 175, 0, 0, 0, 0, 0, 0, 0, 9, 21, 205
"/home/andrea/src/l4m2_0/l4m20/l4m_app/static/admin/js/admin/DateTimeShortcuts.js", "JavaScript", 0, 0, 0, 0, 317, 0, 0, 0, 0, 0, 0, 0, 65, 27, 409
"/home/andrea/src/l4m2_0/l4m20/l4m_app/static/admin/js/admin/RelatedObjectLookups.js", "JavaScript", 0, 0, 0, 0, 205, 0, 0, 0, 0, 0, 0, 0, 13, 23, 241
"/home/andrea/src/l4m2_0/l4m20/l4m_app/static/admin/js/autocomplete.js", "JavaScript", 0, 0, 0, 0, 28, 0, 0, 0, 0, 0, 0, 0, 2, 4, 34
"/home/andrea/src/l4m2_0/l4m20/l4m_app/static/admin/js/calendar.js", "JavaScript", 0, 0, 0, 0, 196, 0, 0, 0, 0, 0, 0, 0, 28, 16, 240
"/home/andrea/src/l4m2_0/l4m20/l4m_app/static/admin/js/cancel.js", "JavaScript", 0, 0, 0, 0, 24, 0, 0, 0, 0, 0, 0, 0, 3, 3, 30
"/home/andrea/src/l4m2_0/l4m20/l4m_app/static/admin/js/change_form.js", "JavaScript", 0, 0, 0, 0, 14, 0, 0, 0, 0, 0, 0, 0, 2, 1, 17
"/home/andrea/src/l4m2_0/l4m20/l4m_app/static/admin/js/collapse.js", "JavaScript", 0, 0, 0, 0, 37, 0, 0, 0, 0, 0, 0, 0, 6, 1, 44
"/home/andrea/src/l4m2_0/l4m20/l4m_app/static/admin/js/core.js", "JavaScript", 0, 0, 0, 0, 148, 0, 0, 0, 0, 0, 0, 0, 19, 18, 185
"/home/andrea/src/l4m2_0/l4m20/l4m_app/static/admin/js/filters.js", "JavaScript", 0, 0, 0, 0, 20, 0, 0, 0, 0, 0, 0, 0, 6, 5, 31
"/home/andrea/src/l4m2_0/l4m20/l4m_app/static/admin/js/inlines.js", "JavaScript", 0, 0, 0, 0, 272, 0, 0, 0, 0, 0, 0, 0, 61, 27, 360
"/home/andrea/src/l4m2_0/l4m20/l4m_app/static/admin/js/jquery.init.js", "JavaScript", 0, 0, 0, 0, 2, 0, 0, 0, 0, 0, 0, 0, 6, 1, 9
"/home/andrea/src/l4m2_0/l4m20/l4m_app/static/admin/js/nav_sidebar.js", "JavaScript", 0, 0, 0, 0, 73, 0, 0, 0, 0, 0, 0, 0, 1, 6, 80
"/home/andrea/src/l4m2_0/l4m20/l4m_app/static/admin/js/popup_response.js", "JavaScript", 0, 0, 0, 0, 15, 0, 0, 0, 0, 0, 0, 0, 0, 1, 16
"/home/andrea/src/l4m2_0/l4m20/l4m_app/static/admin/js/prepopulate.js", "JavaScript", 0, 0, 0, 0, 29, 0, 0, 0, 0, 0, 0, 0, 10, 5, 44
"/home/andrea/src/l4m2_0/l4m20/l4m_app/static/admin/js/prepopulate_init.js", "JavaScript", 0, 0, 0, 0, 15, 0, 0, 0, 0, 0, 0, 0, 0, 1, 16
"/home/andrea/src/l4m2_0/l4m20/l4m_app/static/admin/js/theme.js", "JavaScript", 0, 0, 0, 0, 43, 0, 0, 0, 0, 0, 0, 0, 3, 6, 52
"/home/andrea/src/l4m2_0/l4m20/l4m_app/static/admin/js/unusable_password_field.js", "JavaScript", 0, 0, 0, 0, 24, 0, 0, 0, 0, 0, 0, 0, 5, 1, 30
"/home/andrea/src/l4m2_0/l4m20/l4m_app/static/admin/js/urlify.js", "JavaScript", 0, 0, 0, 0, 159, 0, 0, 0, 0, 0, 0, 0, 5, 6, 170
"/home/andrea/src/l4m2_0/l4m20/l4m_app/static/admin/js/vendor/jquery/jquery.js", "JavaScript", 0, 0, 0, 0, 6767, 0, 0, 0, 0, 0, 0, 0, 1887, 2063, 10717
"/home/andrea/src/l4m2_0/l4m20/l4m_app/static/admin/js/vendor/jquery/jquery.min.js", "JavaScript", 0, 0, 0, 0, 1, 0, 0, 0, 0, 0, 0, 0, 1, 1, 3
"/home/andrea/src/l4m2_0/l4m20/l4m_app/static/admin/js/vendor/select2/LICENSE.md", "Markdown", 0, 0, 0, 0, 0, 0, 0, 17, 0, 0, 0, 0, 0, 5, 22
"/home/andrea/src/l4m2_0/l4m20/l4m_app/static/admin/js/vendor/select2/i18n/af.js", "JavaScript", 0, 0, 0, 0, 1, 0, 0, 0, 0, 0, 0, 0, 1, 1, 3
"/home/andrea/src/l4m2_0/l4m20/l4m_app/static/admin/js/vendor/select2/i18n/ar.js", "JavaScript", 0, 0, 0, 0, 1, 0, 0, 0, 0, 0, 0, 0, 1, 1, 3
"/home/andrea/src/l4m2_0/l4m20/l4m_app/static/admin/js/vendor/select2/i18n/az.js", "JavaScript", 0, 0, 0, 0, 1, 0, 0, 0, 0, 0, 0, 0, 1, 1, 3
"/home/andrea/src/l4m2_0/l4m20/l4m_app/static/admin/js/vendor/select2/i18n/bg.js", "JavaScript", 0, 0, 0, 0, 1, 0, 0, 0, 0, 0, 0, 0, 1, 1, 3
"/home/andrea/src/l4m2_0/l4m20/l4m_app/static/admin/js/vendor/select2/i18n/bn.js", "JavaScript", 0, 0, 0, 0, 1, 0, 0, 0, 0, 0, 0, 0, 1, 1, 3
"/home/andrea/src/l4m2_0/l4m20/l4m_app/static/admin/js/vendor/select2/i18n/bs.js", "JavaScript", 0, 0, 0, 0, 1, 0, 0, 0, 0, 0, 0, 0, 1, 1, 3
"/home/andrea/src/l4m2_0/l4m20/l4m_app/static/admin/js/vendor/select2/i18n/ca.js", "JavaScript", 0, 0, 0, 0, 1, 0, 0, 0, 0, 0, 0, 0, 1, 1, 3
"/home/andrea/src/l4m2_0/l4m20/l4m_app/static/admin/js/vendor/select2/i18n/cs.js", "JavaScript", 0, 0, 0, 0, 1, 0, 0, 0, 0, 0, 0, 0, 1, 1, 3
"/home/andrea/src/l4m2_0/l4m20/l4m_app/static/admin/js/vendor/select2/i18n/da.js", "JavaScript", 0, 0, 0, 0, 1, 0, 0, 0, 0, 0, 0, 0, 1, 1, 3
"/home/andrea/src/l4m2_0/l4m20/l4m_app/static/admin/js/vendor/select2/i18n/de.js", "JavaScript", 0, 0, 0, 0, 1, 0, 0, 0, 0, 0, 0, 0, 1, 1, 3
"/home/andrea/src/l4m2_0/l4m20/l4m_app/static/admin/js/vendor/select2/i18n/dsb.js", "JavaScript", 0, 0, 0, 0, 1, 0, 0, 0, 0, 0, 0, 0, 1, 1, 3
"/home/andrea/src/l4m2_0/l4m20/l4m_app/static/admin/js/vendor/select2/i18n/el.js", "JavaScript", 0, 0, 0, 0, 1, 0, 0, 0, 0, 0, 0, 0, 1, 1, 3
"/home/andrea/src/l4m2_0/l4m20/l4m_app/static/admin/js/vendor/select2/i18n/en.js", "JavaScript", 0, 0, 0, 0, 1, 0, 0, 0, 0, 0, 0, 0, 1, 1, 3
"/home/andrea/src/l4m2_0/l4m20/l4m_app/static/admin/js/vendor/select2/i18n/es.js", "JavaScript", 0, 0, 0, 0, 1, 0, 0, 0, 0, 0, 0, 0, 1, 1, 3
"/home/andrea/src/l4m2_0/l4m20/l4m_app/static/admin/js/vendor/select2/i18n/et.js", "JavaScript", 0, 0, 0, 0, 1, 0, 0, 0, 0, 0, 0, 0, 1, 1, 3
"/home/andrea/src/l4m2_0/l4m20/l4m_app/static/admin/js/vendor/select2/i18n/eu.js", "JavaScript", 0, 0, 0, 0, 1, 0, 0, 0, 0, 0, 0, 0, 1, 1, 3
"/home/andrea/src/l4m2_0/l4m20/l4m_app/static/admin/js/vendor/select2/i18n/fa.js", "JavaScript", 0, 0, 0, 0, 1, 0, 0, 0, 0, 0, 0, 0, 1, 1, 3
"/home/andrea/src/l4m2_0/l4m20/l4m_app/static/admin/js/vendor/select2/i18n/fi.js", "JavaScript", 0, 0, 0, 0, 1, 0, 0, 0, 0, 0, 0, 0, 1, 1, 3
"/home/andrea/src/l4m2_0/l4m20/l4m_app/static/admin/js/vendor/select2/i18n/fr.js", "JavaScript", 0, 0, 0, 0, 1, 0, 0, 0, 0, 0, 0, 0, 1, 1, 3
"/home/andrea/src/l4m2_0/l4m20/l4m_app/static/admin/js/vendor/select2/i18n/gl.js", "JavaScript", 0, 0, 0, 0, 1, 0, 0, 0, 0, 0, 0, 0, 1, 1, 3
"/home/andrea/src/l4m2_0/l4m20/l4m_app/static/admin/js/vendor/select2/i18n/he.js", "JavaScript", 0, 0, 0, 0, 1, 0, 0, 0, 0, 0, 0, 0, 1, 1, 3
"/home/andrea/src/l4m2_0/l4m20/l4m_app/static/admin/js/vendor/select2/i18n/hi.js", "JavaScript", 0, 0, 0, 0, 1, 0, 0, 0, 0, 0, 0, 0, 1, 1, 3
"/home/andrea/src/l4m2_0/l4m20/l4m_app/static/admin/js/vendor/select2/i18n/hr.js", "JavaScript", 0, 0, 0, 0, 1, 0, 0, 0, 0, 0, 0, 0, 1, 1, 3
"/home/andrea/src/l4m2_0/l4m20/l4m_app/static/admin/js/vendor/select2/i18n/hsb.js", "JavaScript", 0, 0, 0, 0, 1, 0, 0, 0, 0, 0, 0, 0, 1, 1, 3
"/home/andrea/src/l4m2_0/l4m20/l4m_app/static/admin/js/vendor/select2/i18n/hu.js", "JavaScript", 0, 0, 0, 0, 1, 0, 0, 0, 0, 0, 0, 0, 1, 1, 3
"/home/andrea/src/l4m2_0/l4m20/l4m_app/static/admin/js/vendor/select2/i18n/hy.js", "JavaScript", 0, 0, 0, 0, 1, 0, 0, 0, 0, 0, 0, 0, 1, 1, 3
"/home/andrea/src/l4m2_0/l4m20/l4m_app/static/admin/js/vendor/select2/i18n/id.js", "JavaScript", 0, 0, 0, 0, 1, 0, 0, 0, 0, 0, 0, 0, 1, 1, 3
"/home/andrea/src/l4m2_0/l4m20/l4m_app/static/admin/js/vendor/select2/i18n/is.js", "JavaScript", 0, 0, 0, 0, 1, 0, 0, 0, 0, 0, 0, 0, 1, 1, 3
"/home/andrea/src/l4m2_0/l4m20/l4m_app/static/admin/js/vendor/select2/i18n/it.js", "JavaScript", 0, 0, 0, 0, 1, 0, 0, 0, 0, 0, 0, 0, 1, 1, 3
"/home/andrea/src/l4m2_0/l4m20/l4m_app/static/admin/js/vendor/select2/i18n/ja.js", "JavaScript", 0, 0, 0, 0, 1, 0, 0, 0, 0, 0, 0, 0, 1, 1, 3
"/home/andrea/src/l4m2_0/l4m20/l4m_app/static/admin/js/vendor/select2/i18n/ka.js", "JavaScript", 0, 0, 0, 0, 1, 0, 0, 0, 0, 0, 0, 0, 1, 1, 3
"/home/andrea/src/l4m2_0/l4m20/l4m_app/static/admin/js/vendor/select2/i18n/km.js", "JavaScript", 0, 0, 0, 0, 1, 0, 0, 0, 0, 0, 0, 0, 1, 1, 3
"/home/andrea/src/l4m2_0/l4m20/l4m_app/static/admin/js/vendor/select2/i18n/ko.js", "JavaScript", 0, 0, 0, 0, 1, 0, 0, 0, 0, 0, 0, 0, 1, 1, 3
"/home/andrea/src/l4m2_0/l4m20/l4m_app/static/admin/js/vendor/select2/i18n/lt.js", "JavaScript", 0, 0, 0, 0, 1, 0, 0, 0, 0, 0, 0, 0, 1, 1, 3
"/home/andrea/src/l4m2_0/l4m20/l4m_app/static/admin/js/vendor/select2/i18n/lv.js", "JavaScript", 0, 0, 0, 0, 1, 0, 0, 0, 0, 0, 0, 0, 1, 1, 3
"/home/andrea/src/l4m2_0/l4m20/l4m_app/static/admin/js/vendor/select2/i18n/mk.js", "JavaScript", 0, 0, 0, 0, 1, 0, 0, 0, 0, 0, 0, 0, 1, 1, 3
"/home/andrea/src/l4m2_0/l4m20/l4m_app/static/admin/js/vendor/select2/i18n/ms.js", "JavaScript", 0, 0, 0, 0, 1, 0, 0, 0, 0, 0, 0, 0, 1, 1, 3
"/home/andrea/src/l4m2_0/l4m20/l4m_app/static/admin/js/vendor/select2/i18n/nb.js", "JavaScript", 0, 0, 0, 0, 1, 0, 0, 0, 0, 0, 0, 0, 1, 1, 3
"/home/andrea/src/l4m2_0/l4m20/l4m_app/static/admin/js/vendor/select2/i18n/ne.js", "JavaScript", 0, 0, 0, 0, 1, 0, 0, 0, 0, 0, 0, 0, 1, 1, 3
"/home/andrea/src/l4m2_0/l4m20/l4m_app/static/admin/js/vendor/select2/i18n/nl.js", "JavaScript", 0, 0, 0, 0, 1, 0, 0, 0, 0, 0, 0, 0, 1, 1, 3
"/home/andrea/src/l4m2_0/l4m20/l4m_app/static/admin/js/vendor/select2/i18n/pl.js", "JavaScript", 0, 0, 0, 0, 1, 0, 0, 0, 0, 0, 0, 0, 1, 1, 3
"/home/andrea/src/l4m2_0/l4m20/l4m_app/static/admin/js/vendor/select2/i18n/ps.js", "JavaScript", 0, 0, 0, 0, 1, 0, 0, 0, 0, 0, 0, 0, 1, 1, 3
"/home/andrea/src/l4m2_0/l4m20/l4m_app/static/admin/js/vendor/select2/i18n/pt-BR.js", "JavaScript", 0, 0, 0, 0, 1, 0, 0, 0, 0, 0, 0, 0, 1, 1, 3
"/home/andrea/src/l4m2_0/l4m20/l4m_app/static/admin/js/vendor/select2/i18n/pt.js", "JavaScript", 0, 0, 0, 0, 1, 0, 0, 0, 0, 0, 0, 0, 1, 1, 3
"/home/andrea/src/l4m2_0/l4m20/l4m_app/static/admin/js/vendor/select2/i18n/ro.js", "JavaScript", 0, 0, 0, 0, 1, 0, 0, 0, 0, 0, 0, 0, 1, 1, 3
"/home/andrea/src/l4m2_0/l4m20/l4m_app/static/admin/js/vendor/select2/i18n/ru.js", "JavaScript", 0, 0, 0, 0, 1, 0, 0, 0, 0, 0, 0, 0, 1, 1, 3
"/home/andrea/src/l4m2_0/l4m20/l4m_app/static/admin/js/vendor/select2/i18n/sk.js", "JavaScript", 0, 0, 0, 0, 1, 0, 0, 0, 0, 0, 0, 0, 1, 1, 3
"/home/andrea/src/l4m2_0/l4m20/l4m_app/static/admin/js/vendor/select2/i18n/sl.js", "JavaScript", 0, 0, 0, 0, 1, 0, 0, 0, 0, 0, 0, 0, 1, 1, 3
"/home/andrea/src/l4m2_0/l4m20/l4m_app/static/admin/js/vendor/select2/i18n/sq.js", "JavaScript", 0, 0, 0, 0, 1, 0, 0, 0, 0, 0, 0, 0, 1, 1, 3
"/home/andrea/src/l4m2_0/l4m20/l4m_app/static/admin/js/vendor/select2/i18n/sr-Cyrl.js", "JavaScript", 0, 0, 0, 0, 1, 0, 0, 0, 0, 0, 0, 0, 1, 1, 3
"/home/andrea/src/l4m2_0/l4m20/l4m_app/static/admin/js/vendor/select2/i18n/sr.js", "JavaScript", 0, 0, 0, 0, 1, 0, 0, 0, 0, 0, 0, 0, 1, 1, 3
"/home/andrea/src/l4m2_0/l4m20/l4m_app/static/admin/js/vendor/select2/i18n/sv.js", "JavaScript", 0, 0, 0, 0, 1, 0, 0, 0, 0, 0, 0, 0, 1, 1, 3
"/home/andrea/src/l4m2_0/l4m20/l4m_app/static/admin/js/vendor/select2/i18n/th.js", "JavaScript", 0, 0, 0, 0, 1, 0, 0, 0, 0, 0, 0, 0, 1, 1, 3
"/home/andrea/src/l4m2_0/l4m20/l4m_app/static/admin/js/vendor/select2/i18n/tk.js", "JavaScript", 0, 0, 0, 0, 1, 0, 0, 0, 0, 0, 0, 0, 1, 1, 3
"/home/andrea/src/l4m2_0/l4m20/l4m_app/static/admin/js/vendor/select2/i18n/tr.js", "JavaScript", 0, 0, 0, 0, 1, 0, 0, 0, 0, 0, 0, 0, 1, 1, 3
"/home/andrea/src/l4m2_0/l4m20/l4m_app/static/admin/js/vendor/select2/i18n/uk.js", "JavaScript", 0, 0, 0, 0, 1, 0, 0, 0, 0, 0, 0, 0, 1, 1, 3
"/home/andrea/src/l4m2_0/l4m20/l4m_app/static/admin/js/vendor/select2/i18n/vi.js", "JavaScript", 0, 0, 0, 0, 1, 0, 0, 0, 0, 0, 0, 0, 1, 1, 3
"/home/andrea/src/l4m2_0/l4m20/l4m_app/static/admin/js/vendor/select2/i18n/zh-CN.js", "JavaScript", 0, 0, 0, 0, 1, 0, 0, 0, 0, 0, 0, 0, 1, 1, 3
"/home/andrea/src/l4m2_0/l4m20/l4m_app/static/admin/js/vendor/select2/i18n/zh-TW.js", "JavaScript", 0, 0, 0, 0, 1, 0, 0, 0, 0, 0, 0, 0, 1, 1, 3
"/home/andrea/src/l4m2_0/l4m20/l4m_app/static/admin/js/vendor/select2/select2.full.js", "JavaScript", 0, 0, 0, 0, 5102, 0, 0, 0, 0, 0, 0, 0, 384, 1335, 6821
"/home/andrea/src/l4m2_0/l4m20/l4m_app/static/admin/js/vendor/select2/select2.full.min.js", "JavaScript", 0, 0, 0, 0, 1, 0, 0, 0, 0, 0, 0, 0, 1, 0, 2
"/home/andrea/src/l4m2_0/l4m20/l4m_app/static/admin/js/vendor/xregexp/xregexp.js", "JavaScript", 0, 0, 0, 0, 3817, 0, 0, 0, 0, 0, 0, 0, 1303, 1007, 6127
"/home/andrea/src/l4m2_0/l4m20/l4m_app/static/admin/js/vendor/xregexp/xregexp.min.js", "JavaScript", 0, 0, 0, 0, 4, 0, 0, 0, 0, 0, 0, 0, 13, 1, 18
"/home/andrea/src/l4m2_0/l4m20/l4m_app/static/l4m/css/allauctions.css", "PostCSS", 0, 0, 0, 0, 0, 0, 0, 0, 115, 0, 0, 0, 6, 23, 144
"/home/andrea/src/l4m2_0/l4m20/l4m_app/static/l4m/css/auction.css", "PostCSS", 0, 0, 0, 0, 0, 0, 0, 0, 506, 0, 0, 0, 7, 97, 610
"/home/andrea/src/l4m2_0/l4m20/l4m_app/static/l4m/css/base.css", "PostCSS", 0, 0, 0, 0, 0, 0, 0, 0, 94, 0, 0, 0, 0, 22, 116
"/home/andrea/src/l4m2_0/l4m20/l4m_app/static/l4m/css/calculate.css", "PostCSS", 0, 0, 0, 0, 0, 0, 0, 0, 86, 0, 0, 0, 0, 20, 106
"/home/andrea/src/l4m2_0/l4m20/l4m_app/static/l4m/css/dashboard.css", "PostCSS", 0, 0, 0, 0, 0, 0, 0, 0, 154, 0, 0, 0, 15, 41, 210
"/home/andrea/src/l4m2_0/l4m20/l4m_app/static/l4m/css/lineup.css", "PostCSS", 0, 0, 0, 0, 0, 0, 0, 0, 285, 0, 0, 0, 3, 64, 352
"/home/andrea/src/l4m2_0/l4m20/l4m_app/static/l4m/css/live.css", "PostCSS", 0, 0, 0, 0, 0, 0, 0, 0, 620, 0, 0, 0, 19, 138, 777
"/home/andrea/src/l4m2_0/l4m20/l4m_app/static/l4m/css/live_b11.css", "PostCSS", 0, 0, 0, 0, 0, 0, 0, 0, 46, 0, 0, 0, 0, 8, 54
"/home/andrea/src/l4m2_0/l4m20/l4m_app/static/l4m/css/login.css", "PostCSS", 0, 0, 0, 0, 0, 0, 0, 0, 40, 0, 0, 0, 0, 9, 49
"/home/andrea/src/l4m2_0/l4m20/l4m_app/static/l4m/css/my_leagues.css", "PostCSS", 0, 0, 0, 0, 0, 0, 0, 0, 525, 0, 0, 0, 11, 113, 649
"/home/andrea/src/l4m2_0/l4m20/l4m_app/static/l4m/css/rules.css", "PostCSS", 0, 0, 0, 0, 0, 0, 0, 0, 111, 0, 0, 0, 4, 21, 136
"/home/andrea/src/l4m2_0/l4m20/l4m_app/static/l4m/css/squad.css", "PostCSS", 0, 0, 0, 0, 0, 0, 0, 0, 116, 0, 0, 0, 6, 19, 141
"/home/andrea/src/l4m2_0/l4m20/l4m_app/static/l4m/css/statistics.css", "PostCSS", 0, 0, 0, 0, 0, 0, 0, 0, 235, 0, 0, 0, 1, 48, 284
"/home/andrea/src/l4m2_0/l4m20/l4m_app/static/l4m/css/styles3.css", "PostCSS", 0, 0, 0, 0, 0, 0, 0, 0, 10463, 0, 0, 0, 39, 790, 11292
"/home/andrea/src/l4m2_0/l4m20/l4m_app/static/l4m/js/allauctions.js", "JavaScript", 0, 0, 0, 0, 66, 0, 0, 0, 0, 0, 0, 0, 24, 20, 110
"/home/andrea/src/l4m2_0/l4m20/l4m_app/static/l4m/js/auction.js", "JavaScript", 0, 0, 0, 0, 426, 0, 0, 0, 0, 0, 0, 0, 6, 94, 526
"/home/andrea/src/l4m2_0/l4m20/l4m_app/static/l4m/js/calculate.js", "JavaScript", 0, 0, 0, 0, 142, 0, 0, 0, 0, 0, 0, 0, 0, 31, 173
"/home/andrea/src/l4m2_0/l4m20/l4m_app/static/l4m/js/color-modes.js", "JavaScript", 0, 0, 0, 0, 60, 0, 0, 0, 0, 0, 0, 0, 5, 16, 81
"/home/andrea/src/l4m2_0/l4m20/l4m_app/static/l4m/js/common.js", "JavaScript", 0, 0, 0, 0, 19, 0, 0, 0, 0, 0, 0, 0, 4, 5, 28
"/home/andrea/src/l4m2_0/l4m20/l4m_app/static/l4m/js/dashboard.js", "JavaScript", 0, 0, 0, 0, 114, 0, 0, 0, 0, 0, 0, 0, 6, 15, 135
"/home/andrea/src/l4m2_0/l4m20/l4m_app/static/l4m/js/lineup.js", "JavaScript", 0, 0, 0, 0, 499, 0, 0, 0, 0, 0, 0, 0, 26, 120, 645
"/home/andrea/src/l4m2_0/l4m20/l4m_app/static/l4m/js/live.js", "JavaScript", 0, 0, 0, 0, 448, 0, 0, 0, 0, 0, 0, 0, 30, 107, 585
"/home/andrea/src/l4m2_0/l4m20/l4m_app/static/l4m/js/live_b11.js", "JavaScript", 0, 0, 0, 0, 18, 0, 0, 0, 0, 0, 0, 0, 1, 6, 25
"/home/andrea/src/l4m2_0/l4m20/l4m_app/static/l4m/js/my_leagues.js", "JavaScript", 0, 0, 0, 0, 145, 0, 0, 0, 0, 0, 0, 0, 73, 41, 259
"/home/andrea/src/l4m2_0/l4m20/l4m_app/static/l4m/js/my_live.js", "JavaScript", 0, 0, 0, 0, 272, 0, 0, 0, 0, 0, 0, 0, 0, 62, 334
"/home/andrea/src/l4m2_0/l4m20/l4m_app/static/l4m/js/rules.js", "JavaScript", 0, 0, 0, 0, 5, 0, 0, 0, 0, 0, 0, 0, 0, 5, 10
"/home/andrea/src/l4m2_0/l4m20/l4m_app/static/l4m/js/squad.js", "JavaScript", 0, 0, 0, 0, 51, 0, 0, 0, 0, 0, 0, 0, 2, 18, 71
"/home/andrea/src/l4m2_0/l4m20/l4m_app/static/l4m/js/statistics.js", "JavaScript", 0, 0, 0, 0, 26, 0, 0, 0, 0, 0, 0, 0, 0, 6, 32
"/home/andrea/src/l4m2_0/l4m20/l4m_app/statistics_utilities.py", "Python", 82, 0, 0, 0, 0, 0, 0, 0, 0, 0, 0, 0, 0, 14, 96
"/home/andrea/src/l4m2_0/l4m20/l4m_app/templates/l4m/allauctions.html", "HTML", 0, 0, 0, 0, 0, 0, 18, 0, 0, 0, 0, 0, 0, 8, 26
"/home/andrea/src/l4m2_0/l4m20/l4m_app/templates/l4m/auction.html", "HTML", 0, 0, 0, 0, 0, 0, 427, 0, 0, 0, 0, 0, 20, 27, 474
"/home/andrea/src/l4m2_0/l4m20/l4m_app/templates/l4m/base.html", "HTML", 0, 0, 0, 0, 0, 0, 193, 0, 0, 0, 0, 0, 7, 35, 235
"/home/andrea/src/l4m2_0/l4m20/l4m_app/templates/l4m/base_login.html", "HTML", 0, 0, 0, 0, 0, 0, 18, 0, 0, 0, 0, 0, 0, 12, 30
"/home/andrea/src/l4m2_0/l4m20/l4m_app/templates/l4m/calculate.html", "HTML", 0, 0, 0, 0, 0, 0, 111, 0, 0, 0, 0, 0, 0, 19, 130
"/home/andrea/src/l4m2_0/l4m20/l4m_app/templates/l4m/competitions/calendar.html", "HTML", 0, 0, 0, 0, 0, 0, 33, 0, 0, 0, 0, 0, 0, 9, 42
"/home/andrea/src/l4m2_0/l4m20/l4m_app/templates/l4m/competitions/fase_finale.html", "HTML", 0, 0, 0, 0, 0, 0, 7, 0, 0, 0, 0, 0, 0, 3, 10
"/home/andrea/src/l4m2_0/l4m20/l4m_app/templates/l4m/competitions/gironi.html", "HTML", 0, 0, 0, 0, 0, 0, 23, 0, 0, 0, 0, 0, 0, 4, 27
"/home/andrea/src/l4m2_0/l4m20/l4m_app/templates/l4m/competitions/group_block.html", "HTML", 0, 0, 0, 0, 0, 0, 5, 0, 0, 0, 0, 0, 0, 4, 9
"/home/andrea/src/l4m2_0/l4m20/l4m_app/templates/l4m/competitions/hero.html", "HTML", 0, 0, 0, 0, 0, 0, 14, 0, 0, 0, 0, 0, 0, 4, 18
"/home/andrea/src/l4m2_0/l4m20/l4m_app/templates/l4m/competitions/ranking_table.html", "HTML", 0, 0, 0, 0, 0, 0, 36, 0, 0, 0, 0, 0, 4, 2, 42
"/home/andrea/src/l4m2_0/l4m20/l4m_app/templates/l4m/competitions/stage_tabs.html", "HTML", 0, 0, 0, 0, 0, 0, 18, 0, 0, 0, 0, 0, 0, 1, 19
"/home/andrea/src/l4m2_0/l4m20/l4m_app/templates/l4m/dashboard.html", "HTML", 0, 0, 0, 0, 0, 0, 114, 0, 0, 0, 0, 0, 0, 14, 128
"/home/andrea/src/l4m2_0/l4m20/l4m_app/templates/l4m/lineup.html", "HTML", 0, 0, 0, 0, 0, 0, 447, 0, 0, 0, 0, 0, 1, 61, 509
"/home/andrea/src/l4m2_0/l4m20/l4m_app/templates/l4m/live.html", "HTML", 0, 0, 0, 0, 0, 0, 408, 0, 0, 0, 0, 0, 5, 31, 444
"/home/andrea/src/l4m2_0/l4m20/l4m_app/templates/l4m/live_b11.html", "HTML", 0, 0, 0, 0, 0, 0, 133, 0, 0, 0, 0, 0, 3, 10, 146
"/home/andrea/src/l4m2_0/l4m20/l4m_app/templates/l4m/login.html", "HTML", 0, 0, 0, 0, 0, 0, 32, 0, 0, 0, 0, 0, 6, 11, 49
"/home/andrea/src/l4m2_0/l4m20/l4m_app/templates/l4m/modals/extratime_modal.html", "HTML", 0, 0, 0, 0, 0, 0, 19, 0, 0, 0, 0, 0, 0, 4, 23
"/home/andrea/src/l4m2_0/l4m20/l4m_app/templates/l4m/modals/lineup_history_modal.html", "HTML", 0, 0, 0, 0, 0, 0, 12, 0, 0, 0, 0, 0, 0, 1, 13
"/home/andrea/src/l4m2_0/l4m20/l4m_app/templates/l4m/modals/live_ranking_modal.html", "HTML", 0, 0, 0, 0, 0, 0, 17, 0, 0, 0, 0, 0, 0, 2, 19
"/home/andrea/src/l4m2_0/l4m20/l4m_app/templates/l4m/modals/penalty_modal.html", "HTML", 0, 0, 0, 0, 0, 0, 34, 0, 0, 0, 0, 0, 0, 4, 38
"/home/andrea/src/l4m2_0/l4m20/l4m_app/templates/l4m/modals/player_stats_modal.html", "HTML", 0, 0, 0, 0, 0, 0, 55, 0, 0, 0, 0, 0, 0, 5, 60
"/home/andrea/src/l4m2_0/l4m20/l4m_app/templates/l4m/my_leagues.html", "HTML", 0, 0, 0, 0, 0, 0, 94, 0, 0, 0, 0, 0, 1, 27, 122
"/home/andrea/src/l4m2_0/l4m20/l4m_app/templates/l4m/my_live.html", "HTML", 0, 0, 0, 0, 0, 0, 366, 0, 0, 0, 0, 0, 1, 28, 395
"/home/andrea/src/l4m2_0/l4m20/l4m_app/templates/l4m/player_statistics.html", "HTML", 0, 0, 0, 0, 0, 0, 175, 0, 0, 0, 0, 0, 0, 20, 195
"/home/andrea/src/l4m2_0/l4m20/l4m_app/templates/l4m/register.html", "HTML", 0, 0, 0, 0, 0, 0, 57, 0, 0, 0, 0, 0, 1, 13, 71
"/home/andrea/src/l4m2_0/l4m20/l4m_app/templates/l4m/rules.html", "HTML", 0, 0, 0, 0, 0, 0, 11, 0, 0, 0, 0, 0, 0, 4, 15
"/home/andrea/src/l4m2_0/l4m20/l4m_app/templates/l4m/squad.html", "HTML", 0, 0, 0, 0, 0, 0, 18, 0, 0, 0, 0, 0, 1, 7, 26
"/home/andrea/src/l4m2_0/l4m20/l4m_app/templatetags/__init__.py", "Python", 0, 0, 0, 0, 0, 0, 0, 0, 0, 0, 0, 0, 0, 1, 1
"/home/andrea/src/l4m2_0/l4m20/l4m_app/templatetags/custom_filters.py", "Python", 5, 0, 0, 0, 0, 0, 0, 0, 0, 0, 0, 0, 0, 2, 7
"/home/andrea/src/l4m2_0/l4m20/l4m_app/tests.py", "Python", 8, 0, 0, 0, 0, 0, 0, 0, 0, 0, 0, 0, 0, 3, 11
"/home/andrea/src/l4m2_0/l4m20/l4m_app/urls.py", "Python", 51, 0, 0, 0, 0, 0, 0, 0, 0, 0, 0, 0, 0, 6, 57
"/home/andrea/src/l4m2_0/l4m20/l4m_app/utilities.py", "Python", 633, 0, 0, 0, 0, 0, 0, 0, 0, 0, 0, 0, 14, 197, 844
"/home/andrea/src/l4m2_0/l4m20/l4m_app/views.py", "Python", 0, 0, 0, 0, 0, 0, 0, 0, 0, 0, 0, 0, 1, 0, 1
"/home/andrea/src/l4m2_0/l4m20/manage.py", "Python", 15, 0, 0, 0, 0, 0, 0, 0, 0, 0, 0, 0, 3, 5, 23
"/home/andrea/src/l4m2_0/l4m20/requirements.txt", "pip requirements", 0, 7, 0, 0, 0, 0, 0, 0, 0, 0, 0, 0, 0, 1, 8
"/home/andrea/src/l4m2_0/l4m20/sql/bet-updates.sql", "MS SQL", 0, 0, 0, 11, 0, 0, 0, 0, 0, 0, 0, 0, 2, 5, 18
"/home/andrea/src/l4m2_0/l4m20/sql/insert_team_competition.sql", "MS SQL", 0, 0, 0, 4, 0, 0, 0, 0, 0, 0, 0, 0, 0, 0, 4
"Total", "-", 6683, 7, 12, 674, 20184, 2266, 2895, 34, 17476, 178, 261, 2102, 4846, 9850, 67468